#18267	#123301	[[['#2087']]

 [['#321138']]

 [['ca\xc3\xadda libre']]

 [['lava']]

 [['fuera de servicio']]]0
#302927	#208872	[[['#235513']]

 [['#91801']]

 [['#236755']]

 [['#84305']]

 [['autoestima']]]0
pneumatic tyre	neumático	[[['#99511']]

 [['cl\xc3\xadnker']]

 [['#249619']]

 [['elast\xc3\xb3mero']]

 [['#221532']]]0
#292051	#255039	[[['#59800']]

 [['hito']]

 [['trascendental']]

 [['#255288']]

 [['#59788']]]0
#177127	#58171	[[['vocacional']]

 [['#129601']]

 [['#247267']]

 [['orientaci\xc3\xb3n profesional']]

 [['formaci\xc3\xb3n continua']]]0
#195919	#275049	[[['#275049']]

 [['geolog\xc3\xada']]

 [['#55692']]

 [['biolog\xc3\xada marina']]

 [['#55696']]]5
#79214	#79477	[[['#14943']]

 [['#79478']]

 [['barrera']]

 [['entorpecer']]

 [['#875']]]0
account for	justificar	[[['#91332']]

 [['#88']]

 [['#109590']]

 [['#52877']]

 [['importar']]]0
#19973	#56141	[[['mont\xc3\xb3n']]

 [['tim\xc3\xb3n']]

 [['#41415']]

 [['penetrante']]

 [['#7633']]]0
#157052	#107033	[[['#99138']]

 [['#63738']]

 [['interdicto']]

 [['conminatorio']]

 [['#107033']]]1
#119409	#310141	[[['#52280']]

 [['supervisi\xc3\xb3n']]

 [['#106233']]

 [['organigrama']]

 [['estrat\xc3\xa9gico']]]0
#140190	#208045	[[['#4621']]

 [['fresadora']]

 [['#204580']]

 [['#208005']]

 [['circuito electr\xc3\xb3nico']]]0
long time	larga data	[[['frustrante']]

 [['imaginar']]

 [['#128273']]

 [['desvanecer']]

 [['#206318']]]0
economic system	economía	[[['#44407']]

 [['globalizaci\xc3\xb3n']]

 [['#56009']]

 [['macroecon\xc3\xb3mico']]

 [['#69721']]]0
#116284	#262445	[[['nativo']]

 [['#7599']]

 [['#119328']]

 [['lengua']]

 [['#7163']]]0
#73664	#111795	[[['barbecho']]

 [['#8683']]

 [['#4127']]

 [['#110233']]

 [['#36104']]]0
#59640	#31666	[[['#91903']]

 [['#60711']]

 [['material industrial']]

 [['#83080']]

 [['reductor']]]0
subversive activity	actividad subversiva	[[['actividad subversiva']]

 [['#208767']]

 [['#30581']]

 [['subversi\xc3\xb3n']]

 [['#38622']]]5
infringement	contravención	[[['#62351']]

 [['#61434']]

 [['libertad personal']]

 [['#90726']]

 [['derecho a la intimidad']]]0
#142989	#314787	[[['#314787']]

 [['resignar']]

 [['en verdad']]

 [['espejismo']]

 [['impensable']]]5
#33165	#97688	[[['prestar declaraci\xc3\xb3n']]

 [['#97688']]

 [['#30422']]

 [['#12502']]

 [['repregunta']]]4
fortnightly	quincenal	[[['mensual']]

 [['#16402']]

 [['quincenal']]

 [['#73643']]

 [['#328']]]3
neurological	neurológico	[[['#78307']]

 [['neurol\xc3\xb3gico']]

 [['cerebral']]

 [['patol\xc3\xb3gico']]

 [['cognitivo']]]4
work accident	accidente de trabajo	[[['accidente de trabajo']]

 [['#222206']]

 [['#201505']]

 [['enfermedad ocupacional']]

 [['por accidente']]]5
opportunism	oportunismo	[[['#44645']]

 [['#57344']]

 [['oportunismo']]

 [['#80250']]

 [['ego\xc3\xadsmo']]]3
uncovering	descubrimiento	[[['#34670']]

 [['#101131']]

 [['perpetraci\xc3\xb3n']]

 [['#85721']]

 [['sabotaje']]]0
#132051	#220278	[[['#78858']]

 [['#208015']]

 [['#313104']]

 [['riqueza']]

 [['#110568']]]0
desertion	defección	[[['#40833']]

 [['desobediencia']]

 [['insubordinaci\xc3\xb3n']]

 [['#60003']]

 [['#246265']]]0
#150441	#4319	[[['#7131']]

 [['#90028']]

 [['#124302']]

 [['#63032']]

 [['inmadurez']]]0
#73203	#30880	[[['imperialista']]

 [['#61377']]

 [['#30581']]

 [['#26137']]

 [['#42122']]]0
special zone	zona especial	[[['#251']]

 [['regi\xc3\xb3n aut\xc3\xb3noma']]

 [['#135380']]

 [['#17448']]

 [['septentrional']]]0
#141828	#58451	[[['#33643']]

 [['#221532']]

 [['escurrir']]

 [['hal\xc3\xb3geno']]

 [['recalentar']]]0
bicycle	bicicleta	[[['bicicleta']]

 [['autom\xc3\xb3vil']]

 [['#164']]

 [['#108693']]

 [['taxi']]]5
fill up	rellenar	[[['mont\xc3\xb3n']]

 [['#20920']]

 [['agujero']]

 [['#85449']]

 [['#4424']]]0
#178699	#231319	[[['#231319']]

 [['\xc3\xa9xodo rural']]

 [['#41237']]

 [['empobrecimiento']]

 [['despoblaci\xc3\xb3n']]]5
prominence	saliente	[[['realce']]

 [['vitalidad']]

 [['#68842']]

 [['#129344']]

 [['#91438']]]0
#28485	#55708	[[['geoqu\xc3\xadmica']]

 [['#55685']]

 [['#55708']]

 [['geomorfolog\xc3\xada']]

 [['geolog\xc3\xada']]]3
cerebrovascular	cerebrovascular	[[['enfermedad cardiovascular']]

 [['cerebrovascular']]

 [['#208030']]

 [['#219927']]

 [['sistema circulatorio']]]4
#39487	#88747	[[['#36036']]

 [['#52482']]

 [['poste']]

 [['#50589']]

 [['#16626']]]0
#326871	#135337	[[['estado unitario']]

 [['#135337']]

 [['forma de gobierno']]

 [['#251399']]

 [['#208557']]]4
biomaterial	biomaterial	[[['#269']]

 [['biotecnol\xc3\xb3gico']]

 [['#71476']]

 [['#219984']]

 [['cosm\xc3\xa9tico']]]0
#26604	#202389	[[['#71012']]

 [['#17950']]

 [['#50561']]

 [['pata']]

 [['#93091']]]0
reclassification	reclasificación	[[['#243915']]

 [['reclasificaci\xc3\xb3n']]

 [['#23933']]

 [['#80506']]

 [['jefe de secci\xc3\xb3n']]]4
cinematographic	cinematográfico	[[['cinematogr\xc3\xa1fico']]

 [['#28209']]

 [['#209965']]

 [['literario']]

 [['#320']]]5
#28414	#315043	[[['#91800']]

 [['#285']]

 [['pedagogo']]

 [['#105104']]

 [['criminolog\xc3\xada']]]0
#79696	#38397	[[['#38397']]

 [['#202561']]

 [['educaci\xc3\xb3n f\xc3\xadsica']]

 [['#38402']]

 [['deportivo']]]5
#46572	#65172	[[['#65172']]

 [['#111021']]

 [['#246005']]

 [['asegurado']]

 [['prestaci\xc3\xb3n social']]]5
motorized vehicle	vehículo de motor	[[['frigor\xc3\xadfico']]

 [['autom\xc3\xb3vil']]

 [['contenedor']]

 [['#206947']]

 [['#32288']]]0
farm worker	peón agrícola	[[['trabajador agr\xc3\xadcola']]

 [['#208820']]

 [['asalariado']]

 [['#51924']]

 [['#201311']]]0
#86653	#80931	[[['#84905']]

 [['punible']]

 [['#53078']]

 [['#22']]

 [['coacci\xc3\xb3n']]]0
#95581	#115343	[[['#16632']]

 [['asfaltar']]

 [['hormig\xc3\xb3n']]

 [['#233564']]

 [['#216967']]]0
fossil	fósil	[[['f\xc3\xb3sil']]

 [['#16319']]

 [['energ\xc3\xada hidroel\xc3\xa9ctrica']]

 [['anh\xc3\xaddrido carb\xc3\xb3nico']]

 [['#59223']]]5
#15859	#45030	[[['embajada']]

 [['#45031']]

 [['#32125']]

 [['#45030']]

 [['consulado']]]2
pentachlorophenol	pentaclorofenol	[[['clorurar']]

 [['#28925']]

 [['pentaclorofenol']]

 [['plastificante']]

 [['metilo']]]3
#317583	#309132	[[['#524']]

 [['#233635']]

 [['#30178']]

 [['#61897']]

 [['#232480']]]0
stereotyped	trillado	[[['#51779']]

 [['estereotipar']]

 [['#51780']]

 [['machista']]

 [['sexismo']]]0
#30945	#70930	[[['fascismo']]

 [['blasfemo']]

 [['nacionalismo']]

 [['#77616']]

 [['exaltar']]]0
#189627	#94682	[[['reciprocar']]

 [['fructificar']]

 [['#26902']]

 [['distender']]

 [['#91163']]]0
#37498	#9913	[[['#68217']]

 [['ling\xc3\xbcista']]

 [['documentalista']]

 [['#23341']]

 [['cart\xc3\xb3grafo']]]0
#57201	#310732	[[['#310732']]

 [['#22054']]

 [['rentabilidad']]

 [['#220325']]

 [['sector energ\xc3\xa9tico']]]5
pursuit	acechanza	[[['#60613']]

 [['implacable']]

 [['persuasi\xc3\xb3n']]

 [['#1300']]

 [['#1298']]]0
#24232	#51678	[[['estatura']]

 [['#51678']]

 [['#18081']]

 [['#51679']]

 [['#61361']]]4
#194203	#205865	[[['mol\xc3\xa9cula']]

 [['#75575']]

 [['#308147']]

 [['#235886']]

 [['serie temporal']]]0
#93743	#42157	[[['#217485']]

 [['trig\xc3\xa9simo']]

 [['decimotercero']]

 [['decimos\xc3\xa9ptimo']]

 [['#115936']]]0
chemical processes	proceso de transformación	[[['#523']]

 [['#78']]

 [['proceso f\xc3\xadsico']]

 [['#199245']]

 [['#313975']]]0
turbinate	cornete nasal	[[['hipersensibilidad']]

 [['#210819']]

 [['pigmentaci\xc3\xb3n']]

 [['#86700']]

 [['virilidad']]]0
#84971	#2648	[[['#203541']]

 [['n\xc3\xbamero real']]

 [['exacto']]

 [['magnitud']]

 [['#216823']]]0
#59851	#123714	[[['#121507']]

 [['#123714']]

 [['#80079']]

 [['#216670']]

 [['#216996']]]4
#72389	#262357	[[['#87101']]

 [['cami\xc3\xb3n cisterna']]

 [['puente a\xc3\xa9reo']]

 [['v\xc3\xadveres']]

 [['#203966']]]0
insulin	insulina	[[['#17684']]

 [['f\xc3\xa1rmaco']]

 [['#73162']]

 [['#63549']]

 [['insulina']]]1
#216911	#1009	[[['#114184']]

 [['#49533']]

 [['#26839']]

 [['chimenea']]

 [['#26838']]]0
#48062	#57624	[[['guerrero']]

 [['#57624']]

 [['#121942']]

 [['amado']]

 [['pagano']]]4
intelligence agent	agente secreto	[[['#308194']]

 [['teniente coronel']]

 [['#204305']]

 [['cabecilla']]

 [['infiltrado']]]0
#157374	#59479	[[['himno']]

 [['#246754']]

 [['#59479']]

 [['himno nacional']]

 [['s\xc3\xadmbolo']]]3
sabbatical	año sabático	[[['a\xc3\xb1o sab\xc3\xa1tico']]

 [['pasant\xc3\xada']]

 [['a tiempo completo']]

 [['#204725']]

 [['#241239']]]5
composed	relajado	[[['#204597']]

 [['deliberante']]

 [['\xc3\xb3rgano colegiado']]

 [['#65261']]

 [['#315250']]]0
#37726	#234193	[[['#116244']]

 [['#30243']]

 [['comercializaci\xc3\xb3n']]

 [['minorista']]

 [['#41711']]]0
transcend	superar	[[['estado naci\xc3\xb3n']]

 [['#126870']]

 [['#112134']]

 [['filos\xc3\xb3fico']]

 [['transcender']]]0
ensign	pabellón	[[['teniente']]

 [['#102348']]

 [['sargento']]

 [['soldado raso']]

 [['suboficial']]]0
bloody	ensangrentar	[[['#34938']]

 [['#22942']]

 [['cruento']]

 [['#102031']]

 [['fratricida']]]0
gateway	puerta	[[['enlazar']]

 [['#234196']]

 [['transmisi\xc3\xb3n de datos']]

 [['#200487']]

 [['#234555']]]0
troops	milicia	[[['tropa']]

 [['tropas']]

 [['#113563']]

 [['milicia']]

 [['#128391']]]2
contract of employment	relación de trabajo	[[['#208860']]

 [['#41155']]

 [['patrono']]

 [['#51924']]

 [['permiso parental']]]0
#80313	#210566	[[['aprendizaje electr\xc3\xb3nico']]

 [['#233326']]

 [['#135719']]

 [['#210566']]

 [['en l\xc3\xadnea']]]2
secessionism	secesionismo	[[['nacionalismo']]

 [['#77615']]

 [['#77614']]

 [['#60990']]

 [['#77613']]]0
rationalise	sincerar	[[['#93614']]

 [['duplicaci\xc3\xb3n']]

 [['#43365']]

 [['#80298']]

 [['#228422']]]0
#39504	#34112	[[['agarrar']]

 [['#14089']]

 [['balc\xc3\xb3n']]

 [['#14392']]

 [['#10848']]]0
overhead	transparencia	[[['#34178']]

 [['#108539']]

 [['#90401']]

 [['tarifa']]

 [['#235962']]]0
opposed	contrapuesto	[[['#43250']]

 [['irreconciliable']]

 [['individualista']]

 [['intransigente']]

 [['#289339']]]0
pap smear	citología vaginal	[[['#235934']]

 [['mamograf\xc3\xada']]

 [['#70518']]

 [['diagn\xc3\xb3stico precoz']]

 [['ginecol\xc3\xb3gico']]]0
raft	balsa	[[['#15331']]

 [['#6190']]

 [['embarcaci\xc3\xb3n de recreo']]

 [['#39813']]

 [['#7633']]]0
fragmentary	fragmentario	[[['incoherente']]

 [['simplista']]

 [['#127839']]

 [['#104441']]

 [['fragmentario']]]1
#43576	#119382	[[['reclamar']]

 [['alegar']]

 [['#62251']]

 [['#202369']]

 [['#38115']]]0
infamy	mala fama	[[['inhumanidad']]

 [['#62955']]

 [['verdugo']]

 [['#40430']]

 [['indignidad']]]0
stylistic	estilístico	[[['#56618']]

 [['gramatical']]

 [['sem\xc3\xa1ntico']]

 [['estil\xc3\xadstico']]

 [['#51892']]]2
#164969	#16324	[[['biom\xc3\xa9trico']]

 [['#16326']]

 [['datos personales']]

 [['#16324']]

 [['autenticaci\xc3\xb3n']]]2
military man	militar	[[['uniforme militar']]

 [['#57633']]

 [['#220016']]

 [['#128599']]

 [['#83759']]]0
trained nurse	auxiliar técnico	[[['#72475']]

 [['matrona']]

 [['#79124']]

 [['#7822']]

 [['#122279']]]0
gear up	preparar	[[['aguzar']]

 [['#92877']]

 [['#14025']]

 [['#221399']]

 [['liderar']]]0
#1368	#222519	[[['indecencia']]

 [['#18653']]

 [['trato carnal']]

 [['inmoralidad']]

 [['#62215']]]0
#190403	#207699	[[['#82570']]

 [['enfermero']]

 [['param\xc3\xa9dico']]

 [['#47276']]

 [['peluquero']]]0
#317287	#310201	[[['actividad criminal']]

 [['actividad subversiva']]

 [['confesado']]

 [['#5929']]

 [['bandidaje']]]0
#201777	#281075	[[['#1029']]

 [['rezumadero']]

 [['#50856']]

 [['#281075']]

 [['rocoso']]]2
#44052	#25714	[[['argos']]

 [['nasa']]

 [['#2855']]

 [['#208145']]

 [['radiotelescopio']]]0
malign	malicioso	[[['denigrar']]

 [['exaltar']]

 [['#1537']]

 [['#64017']]

 [['pervertir']]]0
#127928	#201814	[[['#25217']]

 [['#59741']]

 [['siglo']]

 [['#5103']]

 [['#104207']]]0
#154618	#95854	[[['#96522']]

 [['programa de rehabilitaci\xc3\xb3n']]

 [['#234136']]

 [['apoyo psicol\xc3\xb3gico']]

 [['#216610']]]0
#374514	#106416	[[['#219821']]

 [['#33400']]

 [['#106410']]

 [['#106409']]

 [['#106415']]]0
#74113	#133105	[[['#72556']]

 [['entrevistar']]

 [['#53258']]

 [['#69095']]

 [['#85825']]]0
#34106	#96126	[[['fen\xc3\xb3meno natural']]

 [['#201476']]

 [['#27906']]

 [['#93580']]

 [['tempestad']]]0
#81990	#89945	[[['#89945']]

 [['preexistente']]

 [['asimetr\xc3\xada']]

 [['#208369']]

 [['relaci\xc3\xb3n jur\xc3\xaddica']]]5
#28088	#43974	[[['dualismo']]

 [['positivista']]

 [['#202432']]

 [['derecho positivo']]

 [['#221187']]]0
#132186	#48433	[[['afluencia']]

 [['#2717']]

 [['#307173']]

 [['#33716']]

 [['#22054']]]0
impartial	equitativo	[[['ecu\xc3\xa1nime']]

 [['#116430']]

 [['imparcialmente']]

 [['veraz']]

 [['ecuanimidad']]]0
#28167	#39634	[[['#28225']]

 [['#62955']]

 [['inquina']]

 [['inhumanidad']]

 [['#57344']]]0
#75867	#132169	[[['#5929']]

 [['contrabando']]

 [['marfil']]

 [['#71706']]

 [['#32448']]]0
#151391	#9018	[[['#251400']]

 [['#94792']]

 [['#29641']]

 [['ej\xc3\xa9rcito regular']]

 [['#27294']]]0
#61898	#4520	[[['v\xc3\xa9rtigo']]

 [['#308081']]

 [['dolor de est\xc3\xb3mago']]

 [['#239053']]

 [['hipersensibilidad']]]0
cell phone	teléfono celular	[[['tel\xc3\xa9fono celular']]

 [['m\xc3\xb3dem']]

 [['#30753']]

 [['#77445']]

 [['inal\xc3\xa1mbrico']]]5
#43319	#120992	[[['etnia']]

 [['#119451']]

 [['#10318']]

 [['#120992']]

 [['#122683']]]2
twisting	sinuoso	[[['apocal\xc3\xadptico']]

 [['#10851']]

 [['#64380']]

 [['atormentar']]

 [['banal']]]0
continuous function	función continua	[[['libro mayor']]

 [['#79762']]

 [['#234018']]

 [['#219248']]

 [['#231749']]]0
#123643	#66443	[[['#58917']]

 [['c\xc3\xb3nyuge']]

 [['usufructo']]

 [['#58890']]

 [['heredero']]]0
ignite	encender	[[['#31457']]

 [['inflamar']]

 [['conflagraci\xc3\xb3n']]

 [['#21867']]

 [['atizar']]]0
#91474	#63202	[[['#128273']]

 [['frustrante']]

 [['pre\xc3\xb1ar']]

 [['edad adulta']]

 [['#235336']]]0
base pay	salario base	[[['#246959']]

 [['monto']]

 [['salario base']]

 [['salario mensual']]

 [['cuant\xc3\xada']]]3
deflagration	disparo de bala	[[['ignici\xc3\xb3n']]

 [['#61053']]

 [['fisi\xc3\xb3n']]

 [['#35005']]

 [['#33751']]]0
#30152	#246220	[[['licencia de pesca']]

 [['#246220']]

 [['#86007']]

 [['buque']]

 [['#12778']]]4
alternation	alternancia	[[['alternancia']]

 [['#204094']]

 [['#203338']]

 [['#205036']]

 [['#82777']]]5
alacrity	buena voluntad	[[['#204655']]

 [['#1399']]

 [['cinismo']]

 [['#28225']]

 [['#57344']]]0
#37191	#201369	[[['#216509']]

 [['#26137']]

 [['#42122']]

 [['#10501']]

 [['#216510']]]0
#192045	#204815	[[['#61528']]

 [['obviar']]

 [['#138482']]

 [['#61774']]

 [['aun']]]0
#158743	#103783	[[['trig\xc3\xa9simo']]

 [['#42203']]

 [['#115936']]

 [['#112874']]

 [['vig\xc3\xa9simo']]]0
heli	helicóptero	[[['#208811']]

 [['ramal']]

 [['#4782']]

 [['parte inferior']]

 [['#114184']]]0
unchecked	desbordado	[[['#7567']]

 [['desenfrenado']]

 [['#62071']]

 [['desesperaci\xc3\xb3n']]

 [['desestabilizaci\xc3\xb3n']]]0
#44985	#121892	[[['#53102']]

 [['#41455']]

 [['#121892']]

 [['#132554']]

 [['#121737']]]3
social class	clase social	[[['clase social']]

 [['#231269']]

 [['raza']]

 [['credo']]

 [['#32828']]]5
emission standards	norma de emisión	[[['convertidor catal\xc3\xadtico']]

 [['combustible alternativo']]

 [['#235038']]

 [['#234603']]

 [['#200175']]]0
user interface	interfaz de usuario	[[['#207766']]

 [['interfaz de usuario']]

 [['#199997']]

 [['modelo de datos']]

 [['#207987']]]4
#76282	#5942	[[['desenfrenado']]

 [['#62071']]

 [['codicia']]

 [['atizar']]

 [['#3806']]]0
troubled	dichoso	[[['turbulento']]

 [['convulsionado']]

 [['#105542']]

 [['#114085']]

 [['tumultuoso']]]0
#44865	#69896	[[['#69896']]

 [['#11100']]

 [['#285']]

 [['pedagogo']]

 [['maestro']]]5
married life	convivencia conyugal	[[['cohabitaci\xc3\xb3n']]

 [['#310656']]

 [['#247643']]

 [['#316349']]

 [['uni\xc3\xb3n de hecho']]]0
#188814	#38775	[[['#286712']]

 [['radicalizar']]

 [['inquina']]

 [['rencor']]

 [['#2545']]]0
chamber music	música de cámara	[[['m\xc3\xbasica cl\xc3\xa1sica']]

 [['#216512']]

 [['#108814']]

 [['#172']]

 [['#208290']]]0
evening	tarde	[[['#72801']]

 [['#108505']]

 [['ma\xc3\xb1ana']]

 [['mediod\xc3\xada']]

 [['tarde']]]1
old people's home	geriátrico	[[['mudar']]

 [['#251499']]

 [['manicomio']]

 [['#255057']]

 [['#202269']]]0
chromatid	cromátida	[[['#233818']]

 [['in vivo']]

 [['in vitro']]

 [['#254632']]

 [['anticuerpo']]]0
#143407	#313760	[[['l\xc3\xadquido']]

 [['#74195']]

 [['#74059']]

 [['#86738']]

 [['metal']]]0
oxidizing	oxidante	[[['oxidante']]

 [['#123781']]

 [['sustancia org\xc3\xa1nica']]

 [['#246602']]

 [['#268470']]]5
geopolitical	geopolítico	[[['#55702']]

 [['geopol\xc3\xadtico']]

 [['multipolar']]

 [['#77050']]

 [['#55704']]]4
dairy farmer	lechero	[[['#62470']]

 [['#204167']]

 [['pyme']]

 [['sector agr\xc3\xadcola']]

 [['#92662']]]0
kindness	cortesía	[[['cari\xc3\xb1o']]

 [['devoci\xc3\xb3n']]

 [['humildad']]

 [['#60613']]

 [['#60658']]]0
building site	solar	[[['#44174']]

 [['atracadero']]

 [['#12253']]

 [['edificio de apartamentos']]

 [['#201160']]]0
#178024	#42597	[[['#63373']]

 [['#128273']]

 [['frustrante']]

 [['apocal\xc3\xadptico']]

 [['#31216']]]0
#99764	#41039	[[['#30674']]

 [['cualidad']]

 [['personalidad']]

 [['#60971']]

 [['#63630']]]0
radiant	fulgurante	[[['maravilloso']]

 [['#61361']]

 [['raza humana']]

 [['#10047']]

 [['#28518']]]0
psychoanalytical	psicoanalítico	[[['#333']]

 [['patol\xc3\xb3gico']]

 [['condici\xc3\xb3n psicol\xc3\xb3gica']]

 [['trastorno de la personalidad']]

 [['#42809']]]0
#14914	#235989	[[['bienes de consumo']]

 [['#235989']]

 [['exportable']]

 [['producto alimentario']]

 [['#53357']]]4
marvellous	prodigioso	[[['maravilloso']]

 [['admirar']]

 [['simbolizar']]

 [['humildad']]

 [['estadista']]]0
#82426	#42580	[[['#86216']]

 [['agencia espacial']]

 [['petroqu\xc3\xadmico']]

 [['#209781']]

 [['#208005']]]0
radial	radial	[[['#35006']]

 [['#204580']]

 [['\xc3\xa1ngulo de incidencia']]

 [['lava']]

 [['#85719']]]0
#66836	#115165	[[['campo minado']]

 [['#41024']]

 [['#41744']]

 [['#68089']]

 [['#247503']]]0
coalition cabinet	gobierno de coalición	[[['gobierno de coalici\xc3\xb3n']]

 [['#246497']]

 [['#114693']]

 [['#251077']]

 [['#84248']]]5
#17624	#69271	[[['#69271']]

 [['dispositivo el\xc3\xa9ctrico']]

 [['#69136']]

 [['vinilo']]

 [['intercambiador de calor']]]5
north west	noroeste	[[['#33400']]

 [['meseta']]

 [['#308848']]

 [['#78750']]

 [['#60882']]]0
measurement	tamaño	[[['albedo']]

 [['#16009']]

 [['calibraci\xc3\xb3n']]

 [['geom\xc3\xa9trico']]

 [['cuantificaci\xc3\xb3n']]]0
#178296	#40737	[[['trivializar']]

 [['#123585']]

 [['#22777']]

 [['#75057']]

 [['blasfemo']]]0
agriculture	cultivo	[[['#4133']]

 [['#204167']]

 [['#54829']]

 [['sector agr\xc3\xadcola']]

 [['ganader\xc3\xada']]]0
dating	datación	[[['#59741']]

 [['historia']]

 [['jurisprudencia']]

 [['civilizaci\xc3\xb3n']]

 [['#7502']]]0
announcer	locutor	[[['#550']]

 [['#22777']]

 [['#22778']]

 [['teletexto']]

 [['#251203']]]0
physical medicine	rehabilitación	[[['#72130']]

 [['#55564']]

 [['#47278']]

 [['#82570']]

 [['#123882']]]0
#95507	#109847	[[['subversi\xc3\xb3n']]

 [['actividad criminal']]

 [['actividad subversiva']]

 [['#101131']]

 [['#208767']]]0
return on investment	rendimiento de la inversión	[[['#233439']]

 [['rendimiento de la inversi\xc3\xb3n']]

 [['rentabilidad']]

 [['#312169']]

 [['#23277']]]4
#65857	#235678	[[['#235678']]

 [['revoluci\xc3\xb3n tecnol\xc3\xb3gica']]

 [['#314088']]

 [['#235978']]

 [['#242542']]]5
#45623	#122399	[[['importador']]

 [['#122399']]

 [['#121911']]

 [['exportador']]

 [['#61503']]]4
associate professor	profesor asociado	[[['#23926']]

 [['#3105']]

 [['profesor asociado']]

 [['#37427']]

 [['#199153']]]3
#17134	#29736	[[['cuchilla']]

 [['#23143']]

 [['carretilla']]

 [['tornillo']]

 [['#111419']]]0
#93754	#273590	[[['#115936']]

 [['vig\xc3\xa9simo']]

 [['#42203']]

 [['aniversario']]

 [['trig\xc3\xa9simo']]]0
ladder	escalera	[[['escalera']]

 [['pelda\xc3\xb1o']]

 [['#12234']]

 [['#204756']]

 [['barrera aduanera']]]5
#191001	#62911	[[['#3144']]

 [['ense\xc3\xb1anza superior']]

 [['#202601']]

 [['#255073']]

 [['#11463']]]0
wrap up	revolver	[[['#5127']]

 [['#128273']]

 [['frustrante']]

 [['#90047']]

 [['hibernaci\xc3\xb3n']]]0
#153840	#311781	[[['tiempo real']]

 [['cuantificaci\xc3\xb3n']]

 [['#247211']]

 [['#12724']]

 [['automatizar']]]0
#387	#239053	[[['#239053']]

 [['alucinaci\xc3\xb3n']]

 [['v\xc3\xb3mito']]

 [['#6641']]

 [['#18105']]]5
#46546	#236960	[[['cheque']]

 [['#26624']]

 [['#123804']]

 [['d\xc3\xa9bito']]

 [['recibo']]]0
right hand	mano derecha	[[['#71012']]

 [['#50561']]

 [['mano derecha']]

 [['#86649']]

 [['#25728']]]3
radio emission	onda radioeléctrica	[[['#201476']]

 [['campo magn\xc3\xa9tico']]

 [['#54400']]

 [['galaxia']]

 [['#232611']]]0
notary	notario	[[['notario']]

 [['#78837']]

 [['abogac\xc3\xada']]

 [['#123946']]

 [['asesor fiscal']]]5
#59745	#78752	[[['#38634']]

 [['en direcci\xc3\xb3n a']]

 [['#79525']]

 [['#106409']]

 [['#129658']]]0
#34081	#17225	[[['cr\xc3\xa1ter']]

 [['#35005']]

 [['carga explosiva']]

 [['#17225']]

 [['explosivo de alta potencia']]]2
fallibility	falibilidad	[[['emoci\xc3\xb3n']]

 [['#205756']]

 [['falibilidad']]

 [['#230279']]

 [['#54049']]]3
#191363	#203184	[[['libertad provisional']]

 [['#203184']]

 [['fianza']]

 [['#30422']]

 [['#52857']]]4
pact	tratado	[[['#3548']]

 [['#97870']]

 [['#11432']]

 [['pilar']]

 [['estado de derecho']]]0
liaison	contacto	[[['#247507']]

 [['oficial de enlace']]

 [['#32198']]

 [['#202276']]

 [['#32197']]]0
#142288	#111116	[[['#30065']]

 [['#204018']]

 [['#85117']]

 [['punto y coma']]

 [['palabra']]]0
hence	por ende	[[['por ende']]

 [['necesariamente']]

 [['#133258']]

 [['conllevar']]

 [['#204815']]]5
#76106	#79743	[[['#79819']]

 [['#79743']]

 [['#63084']]

 [['#79742']]

 [['formaci\xc3\xb3n profesional']]]4
base year	año base	[[['gas de efecto invernadero']]

 [['#232586']]

 [['a\xc3\xb1o base']]

 [['#201632']]

 [['#235043']]]3
#38085	#28681	[[['#119049']]

 [['diez']]

 [['#218106']]

 [['#36154']]

 [['ocho']]]0
#77579	#90541	[[['dominado']]

 [['monopolizar']]

 [['#22067']]

 [['#1651']]

 [['dominar']]]0
sensuality	sensualidad	[[['nominalismo']]

 [['#78654']]

 [['petici\xc3\xb3n de principio']]

 [['#255784']]

 [['relativismo cultural']]]0
#178477	#253113	[[['#253113']]

 [['desnuclearizaci\xc3\xb3n']]

 [['#40823']]

 [['desnuclearizado']]

 [['#251654']]]5
mobbing	mobbing	[[['#103837']]

 [['acoso sexual']]

 [['#201517']]

 [['sexismo']]

 [['trivializar']]]0
sheet	carta	[[['#26220']]

 [['#23363']]

 [['#35733']]

 [['cinta magn\xc3\xa9tica']]

 [['offset']]]0
hedging	seto	[[['#68277']]

 [['#68276']]

 [['liquidez']]

 [['#316881']]

 [['instrumento financiero']]]0
#157798	#222120	[[['m\xc3\xb3dem']]

 [['#77445']]

 [['#28211']]

 [['#209158']]

 [['#209867']]]0
approximately	cosa de	[[['cerca de']]

 [['casa']]

 [['#216823']]

 [['#73095']]

 [['#44139']]]0
xiv	catorce	[[['ocho']]

 [['siete']]

 [['#216458']]

 [['#218117']]

 [['#78676']]]0
destruction	ruina	[[['#29599']]

 [['#11559']]

 [['devastaci\xc3\xb3n']]

 [['#40854']]

 [['ruina']]]1
#18557	#4259	[[['#254495']]

 [['#135322']]

 [['departamental']]

 [['#74771']]

 [['#807']]]0
#65301	#3185	[[['pubertad']]

 [['p\xc3\xbaber']]

 [['edad adulta']]

 [['#3324']]

 [['#6942']]]0
inefficient	inconducente	[[['#62497']]

 [['ineficiente']]

 [['#62496']]

 [['#18674']]

 [['ineficacia']]]0
#76552	#89770	[[['preceder']]

 [['#89770']]

 [['#29477']]

 [['#129046']]

 [['#8092']]]4
arrondissement	arrondissement	[[['#18631']]

 [['burgomaestre']]

 [['#204684']]

 [['#106206']]

 [['#5219']]]0
negro	moreno	[[['etnia']]

 [['#52592']]

 [['ascendencia']]

 [['#96847']]

 [['#119328']]]0
sulphur	azufre	[[['#13352']]

 [['azufre']]

 [['#233150']]

 [['di\xc3\xb3xido de azufre']]

 [['compuesto org\xc3\xa1nico']]]4
copy	copia	[[['copia']]

 [['#20149']]

 [['#32978']]

 [['#53221']]

 [['versi\xc3\xb3n']]]5
elite	élite	[[['#34528']]

 [['\xc3\xa9lite']]

 [['#114671']]

 [['bur\xc3\xb3crata']]

 [['oligarqu\xc3\xada']]]4
nail	uña	[[['#93091']]

 [['#133320']]

 [['cuchilla']]

 [['#35734']]

 [['#49378']]]0
anxiety	ansia	[[['ansiedad']]

 [['#40086']]

 [['#61552']]

 [['impotencia']]

 [['malestar']]]0
neptunium	neptunio	[[['neptunio']]

 [['#78223']]

 [['fisi\xc3\xb3n']]

 [['plutonio']]

 [['#7162']]]5
#150646	#6167	[[['vender']]

 [['#120826']]

 [['#40920']]

 [['#6168']]

 [['#46016']]]0
rarity	infrecuencia	[[['#47091']]

 [['#53632']]

 [['sem\xc3\xa1ntico']]

 [['#72407']]

 [['#53598']]]0
#62029	#314462	[[['psicosis']]

 [['#51368']]

 [['esquizofr\xc3\xa9nico']]

 [['alucinaci\xc3\xb3n']]

 [['#314462']]]1
frugal	frugal	[[['ilusi\xc3\xb3n']]

 [['idealismo']]

 [['materialista']]

 [['#44649']]

 [['#72382']]]0
#96425	#16282	[[['geom\xc3\xa9trico']]

 [['#55699']]

 [['teor\xc3\xada cient\xc3\xadfica']]

 [['#104441']]

 [['#200904']]]0
day of remembrance	aniversario	[[['conmemorar']]

 [['aniversario']]

 [['#8092']]

 [['holocausto']]

 [['#13510']]]4
male person	pantalones	[[['#81205']]

 [['p\xc3\xbaber']]

 [['#92895']]

 [['latigazo']]

 [['#267458']]]0
equipment failure	avería	[[['aver\xc3\xada']]

 [['#207805']]

 [['error humano']]

 [['#199688']]

 [['#13005']]]5
sculpture	esculpir	[[['#50256']]

 [['#208264']]

 [['#50257']]

 [['instrumento musical']]

 [['#252010']]]0
blow up	saltar	[[['emboscar']]

 [['#308635']]

 [['embestir']]

 [['coche bomba']]

 [['#42432']]]0
#1093	#12862	[[['adelanto']]

 [['#12862']]

 [['#2935']]

 [['avanzar']]

 [['#31856']]]4
beggar	mendicante	[[['#73522']]

 [['mendigar']]

 [['#35954']]

 [['#45196']]

 [['#82739']]]0
#32030	#67293	[[['lengua materna']]

 [['#203139']]

 [['#52014']]

 [['ense\xc3\xb1ar']]

 [['#48109']]]0
#160018	#4186	[[['#107996']]

 [['geomorfol\xc3\xb3gico']]

 [['tect\xc3\xb3nico']]

 [['lava']]

 [['#221840']]]0
raw	desnudez	[[['#249619']]

 [['#246645']]

 [['#98166']]

 [['en bruto']]

 [['#216584']]]0
#221259	#201807	[[['riqueza']]

 [['#59916']]

 [['#97320']]

 [['#66833']]

 [['justicia social']]]0
#141896	#65883	[[['en extenso']]

 [['#201433']]

 [['#123344']]

 [['repasar']]

 [['#78811']]]0
increase in capital	aumento de capital	[[['#23277']]

 [['#310491']]

 [['mercado de capitales']]

 [['#307173']]

 [['#247603']]]0
mechanism	mecanismo	[[['herramienta']]

 [['#38998']]

 [['#77296']]

 [['#44455']]

 [['mecanismo']]]1
self-service	autoservicio	[[['autoservicio']]

 [['automatizar']]

 [['#12724']]

 [['#12794']]

 [['tratamiento de textos']]]5
#4077	#35337	[[['cuantificaci\xc3\xb3n']]

 [['#35337']]

 [['#200771']]

 [['econom\xc3\xa9trico']]

 [['internalizaci\xc3\xb3n']]]4
#170677	#43336	[[['#18096']]

 [['oscuridad']]

 [['aburrir']]

 [['#68699']]

 [['#103608']]]0
#57152	#96224	[[['#37684']]

 [['deducible']]

 [['indemnizaci\xc3\xb3n por cese']]

 [['crupier']]

 [['#310751']]]0
#97730	#79479	[[['#79479']]

 [['obst\xc3\xa9trico']]

 [['ginecol\xc3\xb3gico']]

 [['#55895']]

 [['posparto']]]5
rationalisation	sistematización	[[['#80290']]

 [['optimizaci\xc3\xb3n']]

 [['#201494']]

 [['#39400']]

 [['#75250']]]0
#142254	#11889	[[['#36946']]

 [['#121180']]

 [['c\xc3\xadnico']]

 [['ut\xc3\xb3pico']]

 [['#40089']]]0
paid	lucrativo	[[['salario']]

 [['#97209']]

 [['remunerar']]

 [['#241239']]

 [['pagado']]]0
immediate	célere	[[['#63046']]

 [['#9568']]

 [['pronto']]

 [['oportuno']]

 [['#25745']]]0
moss	musgo	[[['#28913']]

 [['clorofila']]

 [['#60650']]

 [['#26838']]

 [['#93744']]]0
tract	sistema	[[['bald\xc3\xado']]

 [['despoblar']]

 [['#308889']]

 [['f\xc3\xa9rtil']]

 [['#92806']]]0
geographic information system	sistema de información geográfica	[[['sistema de informaci\xc3\xb3n geogr\xc3\xa1fica']]

 [['#232063']]

 [['sistema de informaci\xc3\xb3n']]

 [['#235901']]

 [['#23299']]]5
train station	estación de ferrocarril	[[['#119303']]

 [['estaci\xc3\xb3n de ferrocarril']]

 [['#247184']]

 [['#112325']]

 [['#235268']]]4
shut-down	cierre	[[['#220466']]

 [['deshumidificaci\xc3\xb3n']]

 [['#207805']]

 [['motor el\xc3\xa9ctrico']]

 [['#207701']]]0
oppress	vejar	[[['#76207']]

 [['esclavizar']]

 [['tiran\xc3\xada']]

 [['#12409']]

 [['oprimido']]]0
#46151	#79764	[[['suboficial']]

 [['comandante']]

 [['#106189']]

 [['#79764']]

 [['#30095']]]2
#92234	#64356	[[['#44645']]

 [['ego\xc3\xadsmo']]

 [['#57344']]

 [['avaricia']]

 [['irracional']]]0
#91682	#36115	[[['#36115']]

 [['yermo']]

 [['regado']]

 [['#9750']]

 [['#73236']]]5
#69447	#10896	[[['#3749']]

 [['confrontar']]

 [['adversidad']]

 [['#61552']]

 [['afrontar']]]0
transshipment	trasbordo	[[['#112130']]

 [['trasbordo']]

 [['#112127']]

 [['importaci\xc3\xb3n']]

 [['#61503']]]4
#5034	#4082	[[['#247246']]

 [['resistencia a la autoridad']]

 [['deshonroso']]

 [['#40430']]

 [['falaz']]]0
indiscipline	insumisión	[[['desobediencia']]

 [['#40833']]

 [['#18302']]

 [['#41360']]

 [['#999']]]0
#92795	#8773	[[['infiel']]

 [['#62665']]

 [['#122487']]

 [['#135412']]

 [['#40994']]]0
#64748	#11357	[[['#11357']]

 [['serr\xc3\xadn']]

 [['#116857']]

 [['#30982']]

 [['viruta']]]5
rediscovery	reconsideración	[[['#207728']]

 [['#28518']]

 [['encarnar']]

 [['#59741']]

 [['simbolizar']]]0
#27759	#120918	[[['#44892']]

 [['elemento']]

 [['#44894']]

 [['#30594']]

 [['#34395']]]0
#73911	#111960	[[['#26902']]

 [['#127815']]

 [['resignar']]

 [['vacilar']]

 [['#44012']]]0
stores	retén	[[['armer\xc3\xada']]

 [['#10325']]

 [['tanque de combustible']]

 [['#10327']]

 [['#6161']]]0
miniaturize	miniaturizar	[[['mando a distancia']]

 [['#74745']]

 [['miniaturizaci\xc3\xb3n']]

 [['oscilador']]

 [['propulsi\xc3\xb3n']]]0
#83044	#3702	[[['#21867']]

 [['rencor']]

 [['#4092']]

 [['#22942']]

 [['fratricida']]]0
evapotranspiration	evapotranspiración	[[['evapotranspiraci\xc3\xb3n']]

 [['#239706']]

 [['#60650']]

 [['velocidad del viento']]

 [['#234217']]]5
#160374	#2878	[[['m\xc3\xb3dem']]

 [['#28211']]

 [['#209158']]

 [['adaptador']]

 [['transistor']]]0
#16183	#135754	[[['subempleado']]

 [['#251327']]

 [['econom\xc3\xada informal']]

 [['#313155']]

 [['asumible']]]0
gratify	llenar	[[['alegrar']]

 [['#5127']]

 [['#3310']]

 [['grato']]

 [['aplaudir']]]0
righteousness	integridad moral	[[['humildad']]

 [['#61361']]

 [['#60613']]

 [['anhelo']]

 [['idealismo']]]0
#94594	#13197	[[['virtuoso']]

 [['#10344']]

 [['#63596']]

 [['#46517']]

 [['#63597']]]0
downpour	chaparrón	[[['pirocl\xc3\xa1stico']]

 [['#93580']]

 [['#27906']]

 [['#38596']]

 [['monz\xc3\xb3n']]]0
#79280	#109446	[[['#109445']]

 [['#109446']]

 [['tentaci\xc3\xb3n']]

 [['autocomplacencia']]

 [['#44645']]]4
#94841	#106642	[[['sujetar']]

 [['sometido']]

 [['prescribir']]

 [['#52901']]

 [['#12894']]]0
tailor	sastre	[[['#41210']]

 [['flexible']]

 [['aptitud']]

 [['pyme']]

 [['#77452']]]0
roundabout	glorieta	[[['emboscar']]

 [['pistolero']]

 [['#139266']]

 [['barricada']]

 [['#127914']]]0
#138371	#201671	[[['#201671']]

 [['arma ofensiva']]

 [['#10299']]

 [['#247809']]

 [['material fisionable']]]5
#23300	#61565	[[['#11069']]

 [['#31741']]

 [['#311105']]

 [['emoci\xc3\xb3n']]

 [['#24158']]]0
#29712	#33545	[[['#9976']]

 [['#124033']]

 [['#49254']]

 [['#42622']]

 [['restaurativo']]]0
enemy	enemigo	[[['enemigo']]

 [['#121686']]

 [['#47217']]

 [['matar']]

 [['atacar']]]5
overbearing	imperativo	[[['#57344']]

 [['arrogancia']]

 [['#58662']]

 [['#36946']]

 [['#44645']]]0
#303672	#308727	[[['#308727']]

 [['#234201']]

 [['tarjeta de d\xc3\xa9bito']]

 [['aparato electr\xc3\xb3nico']]

 [['chip']]]5
#16823	#208528	[[['#48606']]

 [['#309770']]

 [['diplomado']]

 [['#310970']]

 [['#97446']]]0
#137591	#27	[[['#96847']]

 [['#96845']]

 [['#34515']]

 [['#64497']]

 [['#231468']]]0
#96540	#23301	[[['#23301']]

 [['cartogr\xc3\xa1fico']]

 [['sistema de informaci\xc3\xb3n']]

 [['#200538']]

 [['sistema de informaci\xc3\xb3n geogr\xc3\xa1fica']]]5
#57946	#93722	[[['#93722']]

 [['#44383']]

 [['#44812']]

 [['maxilofacial']]

 [['electrocardiograma']]]5
#94522	#78821	[[['#84967']]

 [['#84969']]

 [['anticipo']]

 [['cuentas por cobrar']]

 [['#231675']]]0
input-output analysis	análisis insumo-producto	[[['econom\xc3\xa9trico']]

 [['#44405']]

 [['#4096']]

 [['#307293']]

 [['#241109']]]0
#90310	#41770	[[['#40430']]

 [['censurable']]

 [['#25186']]

 [['#36946']]

 [['detestable']]]0
maximum	apogeo	[[['#77362']]

 [['#9249']]

 [['#77411']]

 [['#62633']]

 [['cuant\xc3\xada']]]0
accused	encausado	[[['#105906']]

 [['#30425']]

 [['#2782']]

 [['juez de instrucci\xc3\xb3n']]

 [['c\xc3\xb3digo de procedimiento penal']]]0
seal	foca	[[['#52580']]

 [['#16122']]

 [['sello']]

 [['placa']]

 [['#122']]]0
antimony	antimonio	[[['#199968']]

 [['material industrial']]

 [['#8410']]

 [['#232480']]

 [['granulado']]]0
#38501	#231593	[[['banco central']]

 [['#231593']]

 [['#233']]

 [['instituci\xc3\xb3n financiera']]

 [['#208125']]]4
marginalization	exclusión social	[[['#71732']]

 [['agravar']]

 [['exclusi\xc3\xb3n social']]

 [['padecer']]

 [['#52957']]]3
#323868	#36288	[[['#36288']]

 [['curandero']]

 [['cham\xc3\xa1n']]

 [['#26123']]

 [['fetichista']]]5
contrary	contrario	[[['re\xc3\xb1ir']]

 [['nominalismo']]

 [['#8300']]

 [['#78654']]

 [['#203161']]]0
#62117	#32195	[[['#32197']]

 [['contacto']]

 [['#131608']]

 [['#32195']]

 [['#199132']]]2
#82364	#129039	[[['atormentar']]

 [['#65968']]

 [['acostar']]

 [['#20921']]

 [['desmayar']]]0
#68606	#52371	[[['ense\xc3\xb1anza superior']]

 [['#114866']]

 [['#13728']]

 [['universitario']]

 [['#255073']]]0
#187022	#39356	[[['#50694']]

 [['#39356']]

 [['#20783']]

 [['#10644']]

 [['#207914']]]4
erne	pigargo	[[['#201826']]

 [['#30581']]

 [['#254188']]

 [['resonante']]

 [['#26137']]]0
chop off	segar	[[['machete']]

 [['golpear']]

 [['#69611']]

 [['#15199']]

 [['acuchillar']]]0
contort	retorcer	[[['#36946']]

 [['#42794']]

 [['#5934']]

 [['#35516']]

 [['desagradable']]]0
wh	vatio hora	[[['#231819']]

 [['#200355']]

 [['prueba piloto']]

 [['#255282']]

 [['m\xc3\xb3dulo de servicios']]]0
#85818	#108510	[[['#108505']]

 [['#72801']]

 [['tarde']]

 [['#108504']]

 [['#72014']]]0
half-hearted	tibio	[[['intransigente']]

 [['indecisi\xc3\xb3n']]

 [['#128273']]

 [['#62220']]

 [['dilatorio']]]0
#182233	#59819	[[['indemnizaci\xc3\xb3n por da\xc3\xb1os y perjuicios']]

 [['#235171']]

 [['impago']]

 [['p\xc3\xa9rdida financiera']]

 [['#84300']]]0
#171817	#13906	[[['obsceno']]

 [['pornogr\xc3\xa1fico']]

 [['#89088']]

 [['exhibicionista']]

 [['exhibicionismo']]]0
shop window	escaparate	[[['#56592']]

 [['pintada']]

 [['#16586']]

 [['#207047']]

 [['ensangrentar']]]0
resistant	inalterable	[[['lechada']]

 [['elast\xc3\xb3mero']]

 [['comej\xc3\xa9n']]

 [['enjuague']]

 [['fosfina']]]0
geographical zone	zona geográfica	[[['#208169']]

 [['#117452']]

 [['#117450']]

 [['#33243']]

 [['llanura']]]0
#283535	#25305	[[['grecorromano']]

 [['#207997']]

 [['#56909']]

 [['materialista']]

 [['#72382']]]0
#178134	#219127	[[['#133194']]

 [['fen\xc3\xb3meno social']]

 [['#77753']]

 [['sociol\xc3\xb3gico']]

 [['sexualidad']]]0
#9837	#235459	[[['biodiversidad']]

 [['#16296']]

 [['polinizaci\xc3\xb3n']]

 [['#43172']]

 [['#88626']]]0
entrenchment	atrincheramiento	[[['pluralismo']]

 [['#88308']]

 [['sistema democr\xc3\xa1tico']]

 [['#251399']]

 [['#38685']]]0
let	consentir	[[['maravilloso']]

 [['#105657']]

 [['#48156']]

 [['nostalgia']]

 [['#13596']]]0
#54492	#77709	[[['olivar']]

 [['#135536']]

 [['granero']]

 [['#70154']]

 [['huerto']]]0
#26962	#260718	[[['c\xc3\xb3digo de conducta']]

 [['#260718']]

 [['deontol\xc3\xb3gico']]

 [['#38333']]

 [['deontolog\xc3\xada']]]4
budgetary	presupuestal	[[['#90404']]

 [['presupuestal']]

 [['#31958']]

 [['#90405']]

 [['#127008']]]4
#92516	#5565	[[['#231721']]

 [['renta econ\xc3\xb3mica']]

 [['#56741']]

 [['#216502']]

 [['#53502']]]0
#118512	#40173	[[['deshonroso']]

 [['#314314']]

 [['#40418']]

 [['#40430']]

 [['ensa\xc3\xb1amiento']]]0
#191954	#24980	[[['festividad']]

 [['#126694']]

 [['#135540']]

 [['fiesta religiosa']]

 [['#126698']]]0
#97464	#42478	[[['#9952']]

 [['di\xc3\xb3cesis']]

 [['#43317']]

 [['arzobispado']]

 [['#8240']]]0
exceptionality	excepcionalidad	[[['principio de legalidad']]

 [['discernimiento']]

 [['acusatorio']]

 [['#13164']]

 [['#2797']]]0
#30047	#30963	[[['#93706']]

 [['retrocesi\xc3\xb3n']]

 [['#93705']]

 [['#98858']]

 [['#124713']]]0
satisfaction	complacencia	[[['#4576']]

 [['#126330']]

 [['#139131']]

 [['#53379']]

 [['sincero']]]0
#37993	#237136	[[['#63572']]

 [['#97792']]

 [['#308194']]

 [['rebelde']]

 [['#308113']]]0
#167306	#100339	[[['#105542']]

 [['#80824']]

 [['#222163']]

 [['grotesco']]

 [['halagador']]]0
#18121	#72660	[[['#24901']]

 [['sensacional']]

 [['#30581']]

 [['#48036']]

 [['#217453']]]0
cardboard	cartón	[[['#216428']]

 [['teja']]

 [['plancha']]

 [['#23314']]

 [['baldosa']]]0
contraception	contracepción	[[['#32459']]

 [['contracepci\xc3\xb3n']]

 [['#226316']]

 [['#119674']]

 [['aborto']]]4
testimonial	recomendación	[[['#109973']]

 [['retractaci\xc3\xb3n']]

 [['#20528']]

 [['#50097']]

 [['grabaci\xc3\xb3n en v\xc3\xaddeo']]]0
mobilization	movilización	[[['movilizaci\xc3\xb3n']]

 [['#76667']]

 [['movilizar']]

 [['#221399']]

 [['#21250']]]5
breath	aliento	[[['l\xc3\xa1grima']]

 [['l\xc3\xbagubre']]

 [['#31741']]

 [['#85977']]

 [['atormentar']]]0
#78629	#111	[[['#10463']]

 [['#77050']]

 [['multipolar']]

 [['#10462']]

 [['#31996']]]0
#194389	#252101	[[['echar a la calle']]

 [['#131883']]

 [['#32337']]

 [['#83664']]

 [['polic\xc3\xada secreta']]]0
divisionism	divisionismo	[[['divisionismo']]

 [['#9258']]

 [['#43235']]

 [['regionalista']]

 [['denigrar']]]5
exempt	exentar	[[['exenci\xc3\xb3n']]

 [['#52901']]

 [['#61491']]

 [['imposici\xc3\xb3n']]

 [['#12776']]]0
#69781	#131867	[[['#131867']]

 [['#107928']]

 [['#131866']]

 [['#131880']]

 [['#99383']]]5
donee	beneficiado	[[['prestamista']]

 [['#90343']]

 [['acreedor']]

 [['#121412']]

 [['legatario']]]0
#78757	#220563	[[['biodiversidad']]

 [['#50691']]

 [['#16296']]

 [['#134902']]

 [['#231384']]]0
#44512	#31874	[[['#68787']]

 [['logopeda']]

 [['#285']]

 [['#109515']]

 [['psicopedagogo']]]0
paying	ingreso	[[['pagado']]

 [['#131832']]

 [['#97209']]

 [['#54832']]

 [['#107230']]]0
#85143	#91035	[[['#91035']]

 [['devoci\xc3\xb3n']]

 [['#221059']]

 [['#4341']]

 [['emoci\xc3\xb3n']]]5
#266729	#49490	[[['#49489']]

 [['muestra representativa']]

 [['#231891']]

 [['muestreo']]

 [['muestra aleatoria']]]0
#70109	#8581	[[['#8581']]

 [['anunciar']]

 [['gobierno provisional']]

 [['#261044']]

 [['#314368']]]5
#157789	#9540	[[['#51610']]

 [['unilateralidad']]

 [['#40069']]

 [['tachar']]

 [['#121616']]]0
#87617	#37752	[[['malo']]

 [['#54177']]

 [['#54175']]

 [['#12619']]

 [['#17841']]]0
#117357	#105791	[[['#200091']]

 [['mp3']]

 [['#231499']]

 [['#233401']]

 [['#234147']]]0
#34295	#71519	[[['marat\xc3\xb3n']]

 [['#71519']]

 [['#111404']]

 [['#201']]

 [['torneo']]]4
#179126	#4160	[[['agroindustria']]

 [['#54829']]

 [['#4133']]

 [['#62470']]

 [['ganader\xc3\xada']]]0
#14069	#251465	[[['castillo']]

 [['#83640']]

 [['ba\xc3\xb1o turco']]

 [['#65905']]

 [['hormig\xc3\xb3n']]]0
terephthalate	tereftalato	[[['#57155']]

 [['#88581']]

 [['polietileno']]

 [['#221532']]

 [['granulado']]]0
#75813	#58895	[[['querer']]

 [['#50825']]

 [['#9107']]

 [['#129775']]

 [['renunciar']]]0
sincere	franco	[[['sincero']]

 [['#104491']]

 [['gratitud']]

 [['sincerar']]

 [['#25105']]]0
#90456	#218547	[[['verificar']]

 [['existencias']]

 [['#53118']]

 [['#96388']]

 [['#43472']]]0
commander	comandante	[[['comandante']]

 [['#30095']]

 [['#30098']]

 [['#70737']]

 [['#314368']]]5
unit cost	coste unitario	[[['#235962']]

 [['#203914']]

 [['#200470']]

 [['#29335']]

 [['#108538']]]0
#35654	#16701	[[['sopa']]

 [['#105684']]

 [['#70757']]

 [['#34045']]

 [['#217540']]]0
#35715	#138	[[['#128296']]

 [['#60338']]

 [['cosecha']]

 [['hortaliza']]

 [['#36104']]]0
#98607	#42622	[[['#42622']]

 [['disciplinario']]

 [['#253993']]

 [['delictual']]

 [['#42611']]]5
grant	otorgamiento de subsidios	[[['otorgar']]

 [['subvenci\xc3\xb3n']]

 [['#130972']]

 [['#80903']]

 [['pr\xc3\xa9stamo']]]0
#61808	#85590	[[['peritonitis']]

 [['#85590']]

 [['desgarro']]

 [['#308081']]

 [['#962']]]4
#1656	#21338	[[['#88368']]

 [['#91703']]

 [['#77398']]

 [['#30739']]

 [['\xc3\xa9tico']]]0
terrorism	terrorismo	[[['#109845']]

 [['#309880']]

 [['#109842']]

 [['terrorismo']]

 [['extremismo']]]2
fatalism	fatalismo	[[['#44645']]

 [['ego\xc3\xadsmo']]

 [['#83349']]

 [['rencor']]

 [['#61552']]]0
privileged	privilegiado	[[['privilegiado']]

 [['#124354']]

 [['#220511']]

 [['detentar']]

 [['privilegio']]]5
#86446	#218409	[[['#38176']]

 [['#8779']]

 [['#40944']]

 [['aplazamiento']]

 [['#30495']]]0
percolation	percolación	[[['#6001']]

 [['velocidad del viento']]

 [['evaporaci\xc3\xb3n']]

 [['#234217']]

 [['lava']]]0
#157632	#66752	[[['indomable']]

 [['aburrir']]

 [['#36946']]

 [['l\xc3\xa1grima']]

 [['mont\xc3\xb3n']]]0
#129550	#101781	[[['#101781']]

 [['#101783']]

 [['#101778']]

 [['#59348']]

 [['salubridad']]]5
#89410	#85178	[[['#18017']]

 [['breve']]

 [['desalentador']]

 [['optimista']]

 [['elocuente']]]0
paediatrician	pediatra	[[['#203451']]

 [['#84340']]

 [['pediatra']]

 [['m\xc3\xa9dico de familia']]

 [['#55564']]]3
colour	color	[[['color']]

 [['#29956']]

 [['#29960']]

 [['#231269']]

 [['#29958']]]5
#24571	#248855	[[['r\xc3\xa9gimen abierto']]

 [['#243973']]

 [['teletrabajo']]

 [['#2321']]

 [['#2322']]]0
#317460	#314504	[[['#202430']]

 [['derecho penal']]

 [['#251192']]

 [['procedimiento penal']]

 [['c\xc3\xb3digo de procedimiento penal']]]0
thought	pensamiento	[[['pensamiento']]

 [['#60940']]

 [['idea']]

 [['#126870']]

 [['#34515']]]5
#70636	#253055	[[['#63529']]

 [['exterminar']]

 [['#202889']]

 [['#253055']]

 [['#94786']]]2
pedagogics	pedagogía	[[['#352']]

 [['ciencias sociales']]

 [['asignatura']]

 [['pedagog\xc3\xada']]

 [['#36363']]]2
#90290	#91825	[[['psicosis']]

 [['#38454']]

 [['#91822']]

 [['#42809']]

 [['trastorno de la personalidad']]]0
ambassador	embajador	[[['embajador']]

 [['#45034']]

 [['#45035']]

 [['#99383']]

 [['#205703']]]5
#146667	#2429	[[['#32780']]

 [['#2302']]

 [['#205382']]

 [['#251048']]

 [['tribunal arbitral']]]0
soft wheat	trigo blando	[[['tortilla']]

 [['tapioca']]

 [['#246459']]

 [['manteca']]

 [['#108321']]]0
#11135	#77013	[[['casero']]

 [['vendedor ambulante']]

 [['#7105']]

 [['#24518']]

 [['machete']]]0
censurable	censurable	[[['#106158']]

 [['intencionalidad']]

 [['#62011']]

 [['juicio de valor']]

 [['#51909']]]0
#194569	#135659	[[['#104207']]

 [['#80824']]

 [['hoy']]

 [['#105542']]

 [['#40096']]]0
#23277	#12695	[[['#47091']]

 [['#50694']]

 [['#50691']]

 [['#308187']]

 [['#72407']]]0
out-migration	migración	[[['#315729']]

 [['empleo precario']]

 [['acomodado']]

 [['#251327']]

 [['flor de la vida']]]0
personal data	datos personales	[[['datos personales']]

 [['#234077']]

 [['protecci\xc3\xb3n de datos']]

 [['#96398']]

 [['#203954']]]5
#78055	#89772	[[['#15199']]

 [['vejaci\xc3\xb3n']]

 [['latigazo']]

 [['golpear']]

 [['humillar']]]0
#34711	#40086	[[['#40086']]

 [['desesperaci\xc3\xb3n']]

 [['#61552']]

 [['impotencia']]

 [['#47506']]]5
adrenal	adrenal	[[['hipersensibilidad']]

 [['virilidad']]

 [['#59567']]

 [['#11977']]

 [['edema']]]0
#86069	#3505	[[['#51924']]

 [['asalariado']]

 [['#203876']]

 [['poblaci\xc3\xb3n activa']]

 [['#201311']]]0
open account	cuenta corriente	[[['banco comercial']]

 [['#228384']]

 [['carta de cr\xc3\xa9dito']]

 [['transacci\xc3\xb3n']]

 [['#233']]]0
reformer	reformista	[[['estadista']]

 [['#101100']]

 [['#72058']]

 [['#60616']]

 [['reformista']]]1
#192165	#41796	[[['#23804']]

 [['arrollar']]

 [['#130419']]

 [['#27118']]

 [['ocaso']]]0
#23907	#127355	[[['#68277']]

 [['#50756']]

 [['#254530']]

 [['#228466']]

 [['#32267']]]0
#77987	#131348	[[['#220016']]

 [['#1272']]

 [['rematar']]

 [['#219571']]

 [['#210029']]]0
transformation	transformación	[[['transformaci\xc3\xb3n']]

 [['#52285']]

 [['#220519']]

 [['#220380']]

 [['crecimiento econ\xc3\xb3mico']]]5
around	en torno a	[[['#36036']]

 [['#32496']]

 [['tuba']]

 [['circundar']]

 [['globo terr\xc3\xa1queo']]]0
#15996	#208647	[[['#63099']]

 [['descarga el\xc3\xa9ctrica']]

 [['#208540']]

 [['choque el\xc3\xa9ctrico']]

 [['#44814']]]0
#90002	#64151	[[['#309873']]

 [['#208544']]

 [['intersexualidad']]

 [['historia cl\xc3\xadnica']]

 [['#59588']]]0
aerospace	región aérea	[[['#3414']]

 [['#37055']]

 [['#50493']]

 [['espacial']]

 [['#27938']]]0
text-book	libro de texto	[[['libro de texto']]

 [['#110087']]

 [['libro']]

 [['estudiante']]

 [['#44480']]]5
#19812	#201217	[[['hiperinflaci\xc3\xb3n']]

 [['#235474']]

 [['#310115']]

 [['#39910']]

 [['#21867']]]0
file server	servidor	[[['m\xc3\xb3dem']]

 [['#77445']]

 [['#31756']]

 [['disco duro']]

 [['#199310']]]0
#174441	#354	[[['futbolista']]

 [['#201']]

 [['jugador']]

 [['#29']]

 [['deportista']]]0
police car	coche patrulla	[[['#15199']]

 [['agarrar']]

 [['#26801']]

 [['#83552']]

 [['acuchillar']]]0
#126876	#254146	[[['fil\xc3\xa1ntropo']]

 [['#801']]

 [['#217496']]

 [['gran premio']]

 [['#42984']]]0
#24484	#200126	[[['#93767']]

 [['altimetr\xc3\xada']]

 [['radi\xc3\xb3metro']]

 [['#14376']]

 [['#6598']]]0
#15581	#89165	[[['escalera']]

 [['enrejado']]

 [['#116264']]

 [['reja']]

 [['#14558']]]0
daylight	luz del día	[[['reja']]

 [['d\xc3\xada y noche']]

 [['oscuridad']]

 [['#83293']]

 [['#26801']]]0
#84189	#56010	[[['gama']]

 [['#14531']]

 [['variedad']]

 [['#54761']]

 [['#56010']]]1
#30388	#1478	[[['falaz']]

 [['#1094']]

 [['obsesi\xc3\xb3n']]

 [['trivial']]

 [['mentiroso']]]0
#294152	#201207	[[['mafia']]

 [['#69952']]

 [['#645']]

 [['#207918']]

 [['#76701']]]0
#208736	#310491	[[['#310491']]

 [['mercado financiero']]

 [['#307173']]

 [['mercado de productos b\xc3\xa1sicos']]

 [['#207526']]]5
#24395	#30900	[[['#30900']]

 [['anh\xc3\xaddrido carb\xc3\xb3nico']]

 [['#38258']]

 [['sedimento']]

 [['#83079']]]5
mutation	evolución	[[['#77221']]

 [['molecular']]

 [['#75466']]

 [['#242959']]

 [['#13736']]]0
#75438	#53350	[[['#83217']]

 [['foto']]

 [['#88497']]

 [['retrato']]

 [['poes\xc3\xada']]]0
prog	emisión	[[['#16152']]

 [['#135631']]

 [['#69354']]

 [['servicio web']]

 [['#39653']]]0
geostationary orbit satellite	satélite geoestacionario	[[['#307881']]

 [['#14376']]

 [['#2855']]

 [['acoplar']]

 [['#93767']]]0
unscripted	improvisado	[[['#207120']]

 [['#75236']]

 [['#123344']]

 [['#205408']]

 [['#231799']]]0
disinformation	desinformación	[[['#20523']]

 [['#91253']]

 [['#40485']]

 [['#20528']]

 [['falaz']]]0
#43612	#246502	[[['#235564']]

 [['bibliotecario']]

 [['#254629']]

 [['#246502']]

 [['#31350']]]2
#59345	#217631	[[['#220687']]

 [['#216459']]

 [['#218118']]

 [['#217631']]

 [['#216455']]]2
#33379	#32750	[[['falaz']]

 [['aseveraci\xc3\xb3n']]

 [['inveros\xc3\xadmil']]

 [['malinterpretar']]

 [['insinuar']]]0
orthesis	ortosis	[[['#91766']]

 [['pr\xc3\xb3tesis']]

 [['ortop\xc3\xa9dico']]

 [['#80727']]

 [['silla de ruedas']]]0
germplasm	plasma germinal	[[['#233656']]

 [['diversidad gen\xc3\xa9tica']]

 [['#234299']]

 [['plasma germinal']]

 [['biogen\xc3\xa9tico']]]2
predisposition	aptitud	[[['#5885']]

 [['inmadurez']]

 [['#254272']]

 [['#61554']]

 [['#63032']]]0
gallium	galio	[[['#199968']]

 [['granulado']]

 [['#207333']]

 [['material industrial']]

 [['#122218']]]0
mixer	licuadora	[[['intercambiador de calor']]

 [['#31197']]

 [['#200271']]

 [['compresor de aire']]

 [['motor el\xc3\xa9ctrico']]]0
netbook	netbook	[[['#30753']]

 [['m\xc3\xb3dem']]

 [['#234288']]

 [['#77445']]

 [['#320464']]]0
land reform	reforma agraria	[[['#251696']]

 [['reforma agraria']]

 [['#208527']]

 [['#221015']]

 [['#251045']]]4
quietly	piano	[[['atormentar']]

 [['#13605']]

 [['esfumar']]

 [['#48156']]

 [['atrever']]]0
#159705	#199327	[[['temeroso']]

 [['#36051']]

 [['#199327']]

 [['#999']]

 [['indignar']]]3
caretaker	guardador	[[['curador']]

 [['ni\xc3\xb1era']]

 [['#21533']]

 [['#12035']]

 [['#4973']]]0
widower	viudo	[[['#121505']]

 [['divorciado']]

 [['#43255']]

 [['viuda']]

 [['#200957']]]0
diesel oil	gasóleo	[[['gas\xc3\xb3leo']]

 [['#43307']]

 [['#275020']]

 [['fuel oil']]

 [['petr\xc3\xb3leo crudo']]]5
#32154	#59517	[[['#127']]

 [['lengua']]

 [['#208881']]

 [['#122499']]

 [['#5541']]]0
nonsmoker	no fumador	[[['promiscuidad']]

 [['#91180']]

 [['comida basura']]

 [['#47283']]

 [['#53355']]]0
#149282	#6955	[[['#64110']]

 [['imaginaci\xc3\xb3n']]

 [['maravilloso']]

 [['#31741']]

 [['#206911']]]0
#200262	#70045	[[['hal\xc3\xb3geno']]

 [['#208282']]

 [['#72110']]

 [['#122218']]

 [['#78581']]]0
#31377	#11689	[[['#11689']]

 [['asterisco']]

 [['#78119']]

 [['#5629']]

 [['#83117']]]5
#97674	#104718	[[['#104718']]

 [['sismol\xc3\xb3gico']]

 [['#23301']]

 [['geod\xc3\xa9sico']]

 [['#55679']]]5
panorama	panorama	[[['#327']]

 [['#44480']]

 [['publicaci\xc3\xb3n']]

 [['titulado']]

 [['#122499']]]0
#113518	#222858	[[['#93735']]

 [['radiolog\xc3\xada']]

 [['#244864']]

 [['t\xc3\xa9cnico de laboratorio']]

 [['#236728']]]0
metabolise	metabolizar	[[['#127054']]

 [['fitoplancton']]

 [['biotransformaci\xc3\xb3n']]

 [['membrana celular']]

 [['#308147']]]0
debilitate	debilitar	[[['#265181']]

 [['debilitante']]

 [['#37392']]

 [['#21867']]

 [['#11407']]]0
att.	atención	[[['afanoso']]

 [['#201433']]

 [['delante']]

 [['#7053']]

 [['#47619']]]0
funnel	embudo	[[['blanquear']]

 [['#120102']]

 [['#10335']]

 [['traficante de armas']]

 [['bazuca']]]0
abysmal	abismal	[[['atormentar']]

 [['#105542']]

 [['#40086']]

 [['#61552']]

 [['#26544']]]0
#43769	#3105	[[['ciencias sociales']]

 [['#3105']]

 [['#352']]

 [['#23926']]

 [['doctorado']]]4
lodgings	domiciliación	[[['#89251']]

 [['medio de transporte p\xc3\xbablico']]

 [['centro de trabajo']]

 [['camping']]

 [['portero']]]0
organic fertilizer	abono orgánico	[[['#207655']]

 [['abono org\xc3\xa1nico']]

 [['#248359']]

 [['biog\xc3\xa1s']]

 [['#235267']]]4
otter	nutra	[[['herb\xc3\xadvoro']]

 [['#21523']]

 [['cangrejo']]

 [['lucio']]

 [['#10084']]]0
#166353	#95618	[[['#152743']]

 [['gesti\xc3\xb3n de residuos']]

 [['reciclaje']]

 [['#234384']]

 [['#80376']]]0
harvester	segador	[[['#2831']]

 [['riego por goteo']]

 [['tractor']]

 [['hort\xc3\xadcola']]

 [['#232812']]]0
#89736	#77411	[[['#77411']]

 [['#62633']]

 [['m\xc3\xadnimo']]

 [['cuant\xc3\xada']]

 [['#247766']]]5
#95772	#5949	[[['#123655']]

 [['#5949']]

 [['#308310']]

 [['ingesta']]

 [['#309378']]]4
trade organization	asociación profesional	[[['c\xc3\xa1mara de comercio']]

 [['#246182']]

 [['asociaci\xc3\xb3n profesional']]

 [['#207882']]

 [['instituci\xc3\xb3n financiera']]]3
business card	tarjeta de visita	[[['#12515']]

 [['#108558']]

 [['audiovisual']]

 [['teletexto']]

 [['imprenta']]]0
#19653	#16129	[[['tractor']]

 [['quemado']]

 [['#111867']]

 [['#232241']]

 [['#48326']]]0
#79164	#315283	[[['#71012']]

 [['afeitar']]

 [['cuchilla']]

 [['culatazo']]

 [['#315283']]]1
#2298	#201153	[[['#70965']]

 [['poder\xc3\xado']]

 [['#109445']]

 [['#58662']]

 [['ataque nuclear']]]0
fellow	muchachito	[[['estudiante']]

 [['#52365']]

 [['#15706']]

 [['hermano']]

 [['#58972']]]0
in-between	medio	[[['#219738']]

 [['#1399']]

 [['des\xc3\xa1nimo']]

 [['#11059']]

 [['#80824']]]0
#185564	#328	[[['#109085']]

 [['#328']]

 [['radio']]

 [['#93694']]

 [['#41213']]]4
economic value	valor	[[['externalidad']]

 [['#53502']]

 [['#59916']]

 [['diversidad gen\xc3\xa9tica']]

 [['riqueza']]]0
#166035	#9641	[[['instrumentalizar']]

 [['descr\xc3\xa9dito']]

 [['#63616']]

 [['fan\xc3\xa1tico']]

 [['tachar']]]0
#68667	#85916	[[['malinterpretar']]

 [['falaz']]

 [['#70263']]

 [['#1094']]

 [['ligereza']]]0
#97953	#69209	[[['cristianar']]

 [['#91479']]

 [['iglesia cristiana']]

 [['#221112']]

 [['#31620']]]0
#47094	#23102	[[['maravilloso']]

 [['#199008']]

 [['favorito']]

 [['#96318']]

 [['#223796']]]0
express mail	correo urgente	[[['#53824']]

 [['#77445']]

 [['facs\xc3\xadmil']]

 [['#314951']]

 [['telecomunicaci\xc3\xb3n']]]0
til	ajonjolí	[[['#91062']]

 [['#223']]

 [['#52365']]

 [['#231699']]

 [['sociolog\xc3\xada']]]0
field	llanura	[[['#62858']]

 [['especializaci\xc3\xb3n']]

 [['#232063']]

 [['#50682']]

 [['sistema de informaci\xc3\xb3n geogr\xc3\xa1fica']]]0
department	fiscalía	[[['#74770']]

 [['#135322']]

 [['fiscal\xc3\xada']]

 [['#38337']]

 [['#90909']]]3
#75807	#97355	[[['#97355']]

 [['persuadir']]

 [['#97354']]

 [['renunciar']]

 [['fracasar']]]5
mediaeval	medieval	[[['#73204']]

 [['medieval']]

 [['#120217']]

 [['b\xc3\xa1rbaro']]

 [['atormentar']]]4
testate	testador	[[['#36192']]

 [['testador']]

 [['agnado']]

 [['#109949']]

 [['#29427']]]4
#20486	#63327	[[['#81969']]

 [['#56592']]

 [['altavoz']]

 [['pancarta']]

 [['#115440']]]0
favourite	predilecto	[[['favorito']]

 [['m\xc3\xbasica cl\xc3\xa1sica']]

 [['marioneta']]

 [['novela']]

 [['obra dram\xc3\xa1tica']]]0
mulch	hojarasca	[[['planta le\xc3\xb1osa']]

 [['#234986']]

 [['#17580']]

 [['#314690']]

 [['abono org\xc3\xa1nico']]]0
#150193	#78918	[[['molecular']]

 [['#75466']]

 [['novedoso']]

 [['#208039']]

 [['#63504']]]0
#25475	#207744	[[['cacheo']]

 [['#314314']]

 [['#44814']]

 [['#59588']]

 [['#71072']]]0
#187587	#216833	[[['acreedor']]

 [['#63375']]

 [['insolvencia']]

 [['#121412']]

 [['bienes']]]0
breathing apparatus	respirador	[[['compresor de aire']]

 [['#24132']]

 [['c\xc3\xa1mara frigor\xc3\xadfica']]

 [['tanque de combustible']]

 [['frigor\xc3\xadfico']]]0
do without	renunciar	[[['#112208']]

 [['emoci\xc3\xb3n']]

 [['#109446']]

 [['resignar']]

 [['obsesi\xc3\xb3n']]]0
#88177	#12551	[[['reverendo']]

 [['augusto']]

 [['monse\xc3\xb1or']]

 [['amado']]

 [['#12551']]]1
#127501	#51929	[[['#261043']]

 [['#246111']]

 [['#64608']]

 [['concili\xc3\xa1bulo']]

 [['#110880']]]0
#67119	#8980	[[['#307146']]

 [['#90418']]

 [['cable el\xc3\xa9ctrico']]

 [['abertura']]

 [['#116264']]]0
ordination	ordenación	[[['sacerdocio']]

 [['#101244']]

 [['#110128']]

 [['#114679']]

 [['te\xc3\xb3logo']]]0
uneducated person	tosco	[[['#7507']]

 [['expectativa de vida']]

 [['#206603']]

 [['acomodado']]

 [['#52106']]]0
#137775	#231459	[[['analista de sistemas']]

 [['#231459']]

 [['programador']]

 [['#91084']]

 [['#234018']]]4
#129781	#71772	[[['#7839']]

 [['anfetamina']]

 [['\xc3\xa9xtasis']]

 [['#221920']]

 [['#59309']]]0
