#61554	['#61554' 'psychosis' 'lessen' '#62022' 'psycho']	0.609329289338	0.625877368551
#74905	['#84617' '#86931' 'autistic' '#61280' '#38015']	0.605229645816	0.583526854317
deferment	['heyday' 'lengthen' 'make over' 'distraction' 'realised']	0.764952398111	0.579198867199
zing	['#43502' 'lim' '#326252' '#43391' 'john']	0.763064232636	0.622102353328
appetite	['shiver' 'compulsive' '#26981' 'vertigo' 'insomnia']	0.618834646114	0.539002295787
radio beacon	['#19743' '#15511' 'reflector' '#33454' '#12818']	0.5349915384	0.497796053817
#149322	['#14733' 'lift off' 'fissure' '#74289' 'overlying']	0.739868801481	0.577912502859
#37298	['#37298' 'knitwear' '#157233' 'lime' '#35343']	0.415919481109	0.523377618875
overlying	['overlying' '#67629' '#87279' '#66938' '#67619']	0.355923895762	0.387841790632
#37886	['#159076' '#57383' 'get better' 'get into' 'capital gain']	0.787370556701	0.656705062428
#143316	['#143316' 'activator' 'honeycomb' 'inert gas' 'capillary']	0.566152773863	0.580204379786
#21495	['#90581' '#19911' '#72720' '#71750' 'windshield']	0.843702468386	0.581845776442
#85292	['#58009' '#25276' '#2027' '#153252' '#16044']	0.875432368676	0.618457245042
#324	['#324' 'dreary' 'flesh and blood' 'sermonize' '#12779']	0.473865397099	0.529416458706
agglomeration	['congested' 'sprawl' 'megalopolis' 'well-educated' '#121751']	0.731044904753	0.6443700772
#69825	['unfair' '#147172' '#69048' 'accusation' '#66880']	0.884270286234	0.642076198672
vast	['portion' 'for instance' 'hamper' 'hinder' '#150']	0.596439913403	0.587985558834
#132357	['vice admiral' '#2517' 'steelmaker' 'checkerboard' 'cert.']	0.736871925579	0.711416233327
marry	['#164427' '#45138' 'unmarried man' 'adulterous' 'souse']	0.614923063581	0.53631306321
#93561	['#194722' '#73284' 'bloc' '#211270' 'vigorous']	0.832704580819	0.696054344184
#193481	['#46418' 'polemic' '#43950' '#177237' 'recite']	0.64122209154	0.602230937956
#173521	['#19743' 'turret' 'jackhammer' '#20640' 'reflector']	0.463166938219	0.397256889774
#77515	['submit' '#29575' '#637' 'relevant' '#77515']	0.692877804178	0.666751391372
#28481	['#97733' 'pigment' 'trace element' '#137570' 'xenon']	0.784491560535	0.606760010946
#97666	['#311425' 'artistic creations' '#78616' '#98643' 'canon']	0.798698295389	0.63015586917
#59828	['subterranean' '#28343' 'aneurysm' '#58118' '#154163']	0.659623831762	0.587197206561
traveling	['#39018' 'hang out' 'traveling' '#140422' '#169010']	0.534104046146	0.535705405769
#20640	['#20640' '#13431' '#72351' '#14343' 'perforate']	0.334733656275	0.364479461066
#17429	['shard' '#159525' '#19893' '#94342' '#16870']	0.407187743076	0.39238608904
#59730	['#67629' 'decompose' '#57935' '#67619' 'cool down']	0.495979304916	0.461220385171
opaque	['#79241' 'technicality' 'archetype' '#89478' '#188306']	0.814808200348	0.644816226714
#119879	['#119879' 'page' 'examination' 'intention' 'test']	0.57545962577	0.616071010055
#85738	['rectum' '#14971' '#85738' '#26429' 'prick']	0.389023193829	0.387065482516
#33603	['#33603' 'eye-opener' 'unintelligent' 'simplistic' '#68667']	0.486722737988	0.576718030186
caffeine	['#63391' 'fatty acid' '#49083' '#64944' 'surface tension']	0.902888759787	0.461288011687
#78602	['argon' 'bioreactor' '#206194' '#58013' '#142070']	0.672855892774	0.56805617793
#311424	['#311425' 'unpublished work' '#78616' 'written language' 'negro']	0.798497760293	0.658206563301
supplies	['for instance' 'clause' '#91607' 'hamper' 'uncertainty']	0.770926501466	0.613173347788
national debt	['#156964' '#305404' 'undiversified' '#85642' '#269827']	0.533015405458	0.506736768063
#23296	['kinematic' '#186642' 'measurements' 'instrumentation' 'gravimetric']	0.662698573365	0.580477469117
jet propulsion	['lightning' '#34106' '#67629' '#19743' 'reflector']	0.524764978079	0.502060859457
#58510	['past tense' 'mad' 'replacing' '#73489' '#18936']	0.679169776556	0.624254885261
major power	['amass' 'neighbor' '#73876' '#74409' '#111875']	0.757456112087	0.630590352067
#288788	['radio receiver' '#41905' '#21971' '#116392' 'frequency range']	0.842371341727	0.614824559287
exemption	['eta' '#25961' 'power train' '#70352' '#58451']	0.824753336832	0.630087689385
noticeable	['noticeable' 'pocket' '#34153' 'too much' 'undeniable']	0.370586538847	0.541041743221
repairman	['#37152' '#48983' 'air-conditioner' 'air-conditioned' 'fried']	0.703723982329	0.605407018214
guarantor	['upholder' 'imprescriptible' '#119771' 'divine right' '#165613']	0.75387553521	0.601608309318
bot	['#200149' '#30348' 'apt' 'unsubstantial' '#97548']	0.78090302218	0.621193426388
#171698	['#13744' '#13405' '#15627' '#71942' '#20686']	0.59435437783	0.556062117601
adopting	['#59675' 'consanguine' 'stepfather' '#135568' 'biological mother']	0.75484888706	0.548339293487
gravimetric	['#67629' 'electromagnetic radiation' '#24617' '#19743' '#280782']	0.563848415632	0.486212713535
countervail	['countervail' '#36378' 'beef' '#58906' 'miniscule']	0.43379166779	0.581007740613
criticise	['criticise' '#83627' 'strident' '#43950' 'scandalously']	0.590464038256	0.614031719891
#71213	['clutter' 'demonic' 'horseshoe' 'lid' 'deform']	0.701217956996	0.558209735521
recording machine	['garbage disposal' '#92884' 'coverage area' '#117390' '#22208']	0.910147227639	0.565749603593
#60627	['anaesthesia' '#60627' 'suction' 'catheter' '#14359']	0.515215093951	0.530693046205
#79306	['#14733' '#14033' '#13405' '#17754' '#79306']	0.469227143591	0.465871973758
causal	['#83142' 'causal' '#59544' '#24832' 'circumstantial']	0.40401206927	0.470546234611
tax avoidance	['tax fraud' '#67629' 'roundabout way' '#310533' 'indirect tax']	0.930286583725	0.634507138462
hotel manager	['ski resort' 'admission fee' 'eating house' 'holiday resort' 'lute']	0.73006524486	0.605183140648
remaking	['discretionary income' '#93538' '#68288' 'amass' '#324545']	0.675095598731	0.621359750918
#63037	['#63037' 'rechargeable' 'flow rate' '#67629' 'cool down']	0.500288544284	0.518126135812
illegal	['#193193' '#90690' 'at least' 'profanity' '#191315']	0.807502786442	0.670917471935
petroleum	['petroleum' '#64471' '#64497' '#121161' 'petrol']	0.34348771123	0.500325359519
merchant marine	['#17662' '#14248' 'cargo vessel' '#4542' 'landing craft']	0.953305924526	0.571796575223
irritate	['#61565' '#14733' 'deform' '#67490' 'irritate']	0.451312392317	0.441772639013
#1716	['#44363' '#188687' 'colonialist' 'hegemonism' 'break loose']	0.947224302006	0.663798738093
background knowledge	['#28234' '#303672' 'step by step' '#25399' '#178897']	0.902234362131	0.688864233286
#48618	['#82542' 'magnificent' 'joyful' 'greatness' '#94254']	0.834221999213	0.583428887319
#140959	['#67629' '#22261' '#66938' '#140959' '#20686']	0.551200190931	0.541518484543
pension benefit	['#57286' 'contributory' 'early retirement' '#1455' '#139728']	0.804138026973	0.656787284536
iodide	['#49083' 'xylene' '#142097' 'inorganic compound' '#65128']	0.611681093891	0.487710375904
#312556	['#139627' '#120747' '#28112' 'crystal ball' '#60292']	0.711193030617	0.641300345819
one-sided	['simplistic' '#93643' 'anachronistic' '#94468' 'tiresome']	0.804559498902	0.54594419821
temporary employee	['#171986' 'part-time worker' 'contraceptive pill' 'self-employed person'
 '#18182']	0.751740637524	0.583002517693
#317649	['#4588' 'outlay' '#16821' 'gymnasium' '#157981']	0.918041029225	0.70726071653
self-analysis	['self-analysis' '#86874' '#34784' 'felicitous' 'infinite']	0.404912278468	0.446382428289
overrun	['#16830' 'pre-war period' '#128101' 'pleasantly' '#326758']	0.888505824152	0.618689168555
#41515	['#84999' 'seashore' 'endowed' 'dust bowl' '#13068']	0.661590031978	0.591881226859
bald eagle	['#9147' '#9177' 'guillemot' 'herring gull' '#8769']	0.763673445336	0.350021994984
#186070	['guarded' '#64973' 'germ' 'firework' 'zoological']	0.692277577634	0.660468153117
take-off	['#1208' '#18733' '#21862' 'air-to-ground missile' '#124528']	0.864917270311	0.537306066067
accomplishment	['#68573' '#191818' 'nearly' '#77970' 'usually']	0.75335277509	0.581974480964
#47560	['parliamentary immunity' '#317387' 'exhibitionism' 'implead' 'online game']	0.881404071689	0.73228180926
offended	['#23649' 'principle of contradiction' 'irredeemable' 'power of attorney'
 '#30068']	0.774583597631	0.672831237551
video disc	['#126229' '#37152' '#167198' 'tap water' '#25941']	0.80820767604	0.545810014438
mechanic	['seamstress' '#45407' 'carpenter' '#21605' '#165194']	0.62764624086	0.573013431443
#83362	['#83362' 'dark' 'grim' 'dismal' 'surely']	0.26673432787	0.421724200705
conformity	['#4664' 'inalienability' '#57861' 'intention' '#18']	0.839540197581	0.68843779242
dressmaker	['seamstress' 'woodworking' '#45407' 'hairdresser' 'construction worker']	0.753985055996	0.573442415064
vermiculite	['#67629' '#304617' 'sulphuric' 'electromagnet' 'sodium chloride']	0.900373442668	0.465764113119
indulgence	['#34784' 'pleasantly' 'modesty' '#23746' 'wont']	0.977939983818	0.564213591168
peaceful coexistence	['#22930' '#81824' '#23524' 'deprecation' '#3008']	0.80191764158	0.687356825668
#46699	['politician' 'diplomat' 'metal' '#67537' '#29007']	0.8735338718	0.628057907667
#46436	['#43907' 'abandoned child' 'leper' 'beggar' '#317363']	0.598982278898	0.435014487342
multi-user	['inertial' '#13158' '#16826' 'barcode' '#220843']	0.620649618846	0.53595954196
#94305	['#94305' 'soporific' '#28059' '#23746' 'modesty']	0.424432981586	0.509965340981
definite time	['definite time' '#123924' '#186802' 'nothing' '#67090']	0.506647576623	0.555819874542
news agency	['television network' '#70248' '#116219' '#304543' 'film clip']	0.847923545439	0.657292034045
winter	['#65755' 'winter' 'season' '#65750' '#65753']	0.359400810864	0.430939146574
#30507	['prophesy' '#33053' 'recite' '#177237' '#32703']	0.693509686675	0.631189493619
scarring	['pliers' 'rectum' '#19232' '#74289' '#14971']	0.795718664734	0.465831950803
international community	['#194658' '#57482' 'centre' '#27907' '#78994']	0.903295380177	0.68208212632
dismissed	['dismissed' 'cool down' 'fall asleep' 'pedal' '#22459']	0.514757039167	0.589269168389
#81992	['portion' 'uncertainty' 'hamper' '#145918' 'hinder']	0.635270027503	0.606594491557
#95546	['behaviour' '#73729' '#73286' '#69964' '#77947']	0.845722492862	0.627851973889
full board	['#39018' 'hang out' 'hippy' "children's home" '#43907']	0.731683502061	0.542939741303
#178808	['#19021' 'mineral water' '#116392' '#128065' '#37156']	0.893409684465	0.565478213306
sprinkle	['sprinkle' 'electrified' 'buccal' 'kangaroo' '#126229']	0.591363914806	0.608556391181
ladder	['#13744' '#13170' 'ultraviolet lamp' '#14971' '#13405']	0.836338926473	0.543557922477
philosophy	['pragmatic' 'natural science' '#158000' '#28229' 'theory']	0.695422839145	0.629826928222
freedom of assembly	['#199529' 'civil right' '#81824' '#3318' '#25036']	0.503708887473	0.486779604703
#37102	['soft drink' '#37102' '#94104' 'beverage' '#36848']	0.326363886349	0.377439883734
#73905	['#317958' '#28200' 'everyday life' '#304156' 'habit']	0.945390276858	0.636675257946
federal state	['independent political entity' '#61002' 'family doctor' '#15388'
 'suzerainty']	0.782896555277	0.685745448028
ethnic	['core' '#85801' 'either' '#68779' '#191469']	0.798662036351	0.689821849835
#81290	['relational' '#156589' 'metaphysical' 'hang out' 'psychology department']	0.642310966507	0.585533527448
pro se	['avg' 'directrices' '#119429' '#25276' 'cert.']	0.733273362816	0.691110752369
supersonic	['#33454' 'jackhammer' 'sling' '#12818' 'electrified']	0.443387368137	0.429476814857
#124749	['#169010' '#61280' '#47575' 'stepfather' 'grandmother']	0.498265781047	0.473869180956
toughening	['toughening' '#167537' '#16830' '#25276' 'pedlar']	0.431300496488	0.573792404999
manganese	['hydroxide' '#64358' 'tellurium' 'cerium' 'niobium']	0.52434236063	0.490338784822
question mark	['disinfect' '#71942' '#66422' '#13405' 'boil']	0.716828655905	0.52874253246
#31121	['#292441' 'aliment' '#76941' 'halfway house' 'souse']	0.865085865971	0.588236654301
#157436	['appurtenant' 'canon' '#22527' '#30649' 'constitutive']	0.622985696296	0.598913371027
astronomical	['electromagnetic radiation' '#305982' 'infrared radiation' 'geomagnetic'
 '#48789']	0.810279661224	0.580657343606
ensnare	['smoulder' '#167198' '#34106' '#74289' 'buffet']	0.769643035171	0.596203571235
#37652	['widowed' '#89649' 'aliment' 'foster-mother' '#45343']	0.680480104946	0.581114894866
#119246	['#67629' '#67619' 'mineralize' '#37152' 'tap water']	0.618532621155	0.491107946785
#98747	['#21605' 'antimatter' 'oil industry' 'soda ash' '#141022']	0.633664866627	0.555628333888
#323809	['#323809' 'demander' 'lute' 'gamble' '#5126']	0.581839382773	0.637854185511
lf	['#82849' 'xylene' 'aphid' '#142097' 'red phosphorus']	0.702427028284	0.541601084078
#23676	['#23676' 'voraciousness' 'voracity' '#37152' 'squander']	0.477477700169	0.555628064456
destroyer	['destroyer' '#124528' 'backhoe loader' '#74521' 'jackhammer']	0.444333517969	0.477197612687
personal	['executive director' '#97616' 'organizational' '#4664' 'interim']	0.749210165832	0.649450573227
#17219	['#41358' 'protrude' '#17219' 'scrape' '#67629']	0.426264326289	0.428658977405
poetic	['poetic' '#89281' 'infinite' '#86874' '#190214']	0.382327205543	0.472513622253
writing	['#73250' 'goodwill' 'wake' '#26920' 'scholar']	0.779859452945	0.665538081378
#87648	['#14733' '#71942' '#13405' '#72122' '#48933']	0.708575664869	0.551976933408
dedicate	['discontinue' '#200045' 'research and development' 'publicize' 'discover']	0.708269433288	0.679272660255
mod.	['turret' 'heavy machine-gun' '#14033' 'jackhammer' 'light machine-gun']	0.45468698681	0.414961113781
#43209	['#43209' 'lexical' '#67206' 'standard error' '#82702']	0.357343130869	0.508809724942
#85332	['human relations' '#159753' 'dynamic link' 'natural world' 'harnessing']	0.673591991162	0.620552538696
generously	['#16942' 'vigorous' '#147215' 'endure' 'brutal']	0.786184131782	0.696113794125
television viewer	['television viewer' '#199840' '#41358' 'quiescent' '#62611']	0.572827881227	0.607679181575
#43203	['#43212' '#86323' '#87372' 'leave behind' '#82685']	0.761331989641	0.633526879294
#28230	['#28230' 'mathematics' 'middle school' 'maths' 'senior high school']	0.611327518142	0.618499318753
#77911	['#77911' 'definitely' 'surely' 'on the contrary' 'confuse']	0.378035033328	0.551497865894
ambition	['ambition' '#130057' 'impasse' 'reciprocal' '#38637']	0.473075326581	0.589160602735
interrupt	['interrupt' 'unjustified' '#82317' '#92322' 'buckle']	0.320859813935	0.544891311581
#119149	['phosphonic acid' '#64253' 'silicone polymer' 'hydroxide' '#64733']	0.523788201341	0.435620743626
#28389	['orthodontics' '#134490' '#177406' 'psychiatric clinic' 'dental medicine']	0.818450499675	0.546146927319
#38512	['diplomat' '#37942' 'nonetheless' 'in case' '#65173']	0.898920747151	0.683851737347
#139244	['#25276' 'slice' 'deform' '#21971' '#74354']	0.583456179215	0.542866654292
#4009	['machine-gun fire' 'creek' 'air-to-ground missile' '#33929' 'nab']	0.450652876792	0.382547107383
nitric acid	['nitric acid' '#67629' '#63522' 'rot' 'sulphuric']	0.426487913697	0.436947903323
#67745	['#67629' '#58348' '#19021' '#196877' '#58009']	0.628819753292	0.569891457879
#172542	['#17754' '#94342' 'lid' '#67985' '#149071']	0.740763228074	0.543187316375
#60344	['rely' 'fear' 'usually' 'neither' 'oblige']	0.620365006372	0.566053082927
psychiatric hospital	["children's home" 'psychiatric hospital' '#18684' 'detention house'
 'halfway house']	0.541846606635	0.57122748427
pantry	['entrance fee' 'eating house' 'sports centre' 'miniscule' '#305235']	0.974865466557	0.630038988254
federal territory	['executory' 'newlywed' '#62551' 'unconstitutionality' 'growth factor']	0.807174922385	0.680604518688
#164956	['#206183' 'biosensor' '#283611' '#61183' 'capillary']	0.806344576125	0.630535005433
disinterestedness	['#72351' 'shard' 'parachute' 'rubber dinghy' 'perforate']	0.744606308493	0.500556864263
whip	['electrocute' 'rubbing' 'fasten' '#72211' '#73609']	0.822517285131	0.540228867548
#65911	['at the present time' 'onset' '#194722' '#65755' 'worsening']	0.921308192104	0.652437347333
#32881	['mating' 'grammar' 'hypertext markup language' 'encoding' '#128093']	0.686122279511	0.625949743167
#132689	['#67619' 'mineralize' 'cool down' '#57935' '#179668']	0.645508096045	0.501299291836
#31092	['at the beginning' 'cooling' '#310533' 'brine' '#203971']	0.995216509731	0.680323998274
copepod	['#8887' 'cormorant' '#9223' 'copepod' '#9147']	0.399945703407	0.400215911122
#41499	['#41499' 'wind' '#98241' 'steep' '#75']	0.406210612272	0.557581706177
mercantile	['mercantile' '#67629' '#48983' 'sea current' '#64263']	0.519710593434	0.542700132836
dictatorial	['#90242' 'infamous' '#39266' '#1880' '#58009']	0.714006086964	0.610575862335
#26387	['#9147' 'fatty acid' '#9177' 'guillemot' 'herring gull']	0.410098063321	0.375878036004
wanted	['connote' 'martyrdom' 'rudeness' '#77250' 'adult male']	0.933327417519	0.699682380044
calling card	['calling card' 'priceless' 'angel' 'unit of currency' 'iconography']	0.545140697388	0.596638502479
#18588	['#66938' 'chilly' '#18588' '#14733' '#67629']	0.538167311343	0.534202375373
#41303	['#49083' 'xylene' 'surface tension' '#65128' 'red phosphorus']	0.411481019706	0.394447677729
#96679	['#12799' '#67629' 'breech block' '#13405' 'autoclave']	0.588965769487	0.46531470691
ostrich	['#10677' 'caterpillar' 'aphid' '#8478' '#99651']	0.601456134588	0.544190909128
#151546	['#67629' '#48988' '#63180' 'mineralize' '#87279']	0.45224695859	0.430395269188
fallen	['#62197' '#82542' '#67176' 'magnificent' '#3034']	0.797237446532	0.603369831952
#15798	['#67629' 'cool down' '#14733' 'jackhammer' 'run off']	0.552955833003	0.51245248588
industrial	['intention' 'input' 'disseminate' 'subsidiary' '#78652']	0.893677192217	0.660323393639
#69795	['vehemence' 'devout' 'prophesy' 'thrill' 'encyclical']	0.665461320746	0.570494530655
#96198	['#96198' 'cyanobacteria' '#66938' '#60698' '#5556']	0.490002077178	0.525220181478
sympathy	['brutal' '#19' '#88387' 'sentiment' 'endure']	0.770578717455	0.566135822469
#44461	['#90859' 'emergence' '#270154' 'telephone' '#3335']	0.820916120158	0.748632384324
scent	['capillary' 'electrical resistance' 'benzyl' 'deform' 'plastic material']	0.740916124683	0.572020203691
protectionism	['re-emerge' '#71700' 'lb.' '#26200' '#24228']	0.674515144659	0.547765327222
ancient	['ancient' '#18159' '#87587' 'monument' '#135262']	0.444853679775	0.588786314819
ministerial decree	['domesticity' '#32434' 'sauna' 'quiz show' '#2745']	0.774437752247	0.640041510026
district	['#21985' '#22034' 'armed forces' 'vehicle' 'university']	0.866716462229	0.668600591686
provenance	['navigability' 'drill rig' '#67629' '#26778' '#48849']	0.687925021415	0.617076880775
#191510	['#1298' 'chapel' 'ice hockey' '#43532' 'b.o.']	0.741719017408	0.676917325605
#65173	['#65173' 'obviously' '#85205' '#39392' '#142430']	0.353568361666	0.535666557795
#28126	['#28126' '#190214' 'facade' '#73388' 'magnificent']	0.507486854405	0.588341548183
#192080	['felicity' 'squander' 'just about' '#62197' 'wont']	0.669165787644	0.556985074546
#38693	['only' 'submit' '#192580' 'bring' 'about']	0.721217393723	0.631529992988
#30106	['dative' 'blood relationship' 'join in matrimony' 'adulterous'
 'mixed marriage']	0.615325649681	0.583449497362
#59285	['#48789' '#48874' '#24617' '#67629' '#49047']	0.713038144746	0.558383809245
get into	['get into' '#58009' 'jackhammer' 'chime' 'backhoe loader']	0.499768101714	0.529291947909
#125333	['#125333' '#137702' '#28878' 'adherent' '#23660']	0.465803135249	0.5484673071
make the grade	['#20719' '#28234' 'sonar' 'subprogram' 'photon']	0.752133019359	0.621862355458
#34695	['#62814' '#197640' '#149441' 'subjective' '#79164']	0.8576550241	0.644614056404
legal document	['#153351' 'acceptation' '#83280' 'disputable' 'native land']	0.613811123376	0.568811388377
#64978	['terminus' '#16044' 'clothes dryer' '#13405' '#20686']	0.717134148582	0.589490944889
#158098	['#68653' 'identify' '#30345' '#191513' 'both']	0.776149287555	0.659263539158
venture	['venture' '#57537' 'speculation' 'manoeuvre' 'abusive']	0.432798628372	0.599444900497
send up	['protrude' '#41905' 'lid' 'perforate' '#67103']	0.461892489136	0.403254255572
nucleic acid	['nucleic acid' '#64485' 'suction' '#64424' 'melamine']	0.424887947397	0.449316078773
clean energy	['clean energy' '#288939' 'water energy' '#181250' '#135267']	0.518779297886	0.553881754381
photolithography	['#49083' 'printed circuit board' 'pressure switch' 'surface tension'
 'suction']	0.616110566208	0.467998523088
clip	['fill up' '#126229' '#30465' '#1638' 'quiescent']	0.586659280702	0.550634254386
road accident	['road accident' '#199826' '#317490' '#178984' '#1174']	0.411711495226	0.512081487919
#149905	['print' '#94158' 'printed' '#4517' 'magazine']	0.757052816603	0.676714965306
#197118	['ponder' 'framed' 'fashioning' '#87413' 'warm-up']	0.867527478456	0.577441883062
free market	['feudalistic' '#22498' 'autocracy' 'sweep away' 'shake off']	0.767952286816	0.588082727512
#43646	['battle' 'eye' 'aggressive' '#18493' '#97197']	0.853423489965	0.614981020357
#61575	['#61575' '#72351' 'perforate' '#88301' '#25560']	0.316758542014	0.334224298864
laden	['#67629' 'deform' '#168652' '#156153' '#60160']	0.460584818812	0.418270455284
self-defense	['ensign' 'third class' '#116392' 'force field' 'rubber dinghy']	0.782578155095	0.574496936551
schoolmaster	['#46261' '#305235' 'schoolmaster' '#32434' '#139646']	0.5965862956	0.589799752318
#18603	['#18603' 'observatory' 'implicit' 'suggested' 'orbit']	0.468157476638	0.582249057565
#310617	['air station' '#155127' 'aqua' '#67619' '#87279']	0.618602141972	0.448354097408
self-injury	['#60698' '#4615' 'hysterical' '#26429' '#34106']	0.733413981683	0.569868789551
#24506	['geometry' 'sphinx' '#49054' 'shelve' 'validating']	0.833896889593	0.657154936336
#200358	['#154817' 'press conference' '#32954' 'verbatim' 'shorten']	0.713685559982	0.682792725157
#283596	['lightning' 'subsidence' '#49091' '#48988' '#34106']	0.770224776622	0.452732983781
ethnographic	['#15221' 'antique' '#78944' '#125326' '#190214']	0.802862120273	0.626103070519
film producer	['#78635' 'opera house' '#304339' 'f\xc3\xaate' 'mobile phone operator']	0.650544127595	0.614082649412
#84184	['sketchy' 'objectionable' 'simplistic' '#93643' 'troublesome']	0.671093466898	0.553945512107
#4064	['#28234' 'geometry' 'measuring instrument' 'sonar' 'damping']	0.61979794882	0.442129365878
delve	['#16686' '#27906' '#30348' 'wont' 'tiresome']	0.967199988467	0.641844031764
#68722	['submit' '#29575' '#60556' 'field' 'technical']	0.75613061279	0.6822383339
measured	['cytochrome' 'photochemical' 'speciation' 'red phosphorus' '#165368']	0.621363633612	0.52294996157
armrest	['#14733' '#13170' 'scrape' '#13405' '#16870']	0.463553168512	0.419282127678
#326298	['#326298' 'cotton plantation' '#5412' '#24039' '#317097']	0.419787856039	0.485339112191
spaceflight	['#25399' '#225498' '#28234' 'meteoroid' '#41214']	0.861993645712	0.591117965415
divestiture	['divestiture' '#58906' 'apparel industry' '#57383' 'tie-up']	0.409786027629	0.50790214691
amphibian	['aquatic plant' '#78247' 'amphibian' '#9147' 'mollusc']	0.299172319353	0.298038634232
bedclothes	['#13405' 'ripping' '#15012' 'scrape' '#37152']	0.810774836429	0.604910413165
#84071	['#84071' '#147172' 'sure' '#84253' '#1679']	0.392358404735	0.575772275589
#80998	['air force' '#80998' '#42935' 'apache' 'squadron']	0.404433619503	0.474768604048
#285259	['penumbra' '#4241' '#31042' 'natural law' 'civil right']	0.6980864315	0.665908664981
#58239	['nuclear fusion' 'hydroxide' 'surface tension' '#58300' 'free radical']	0.726300449492	0.572024625588
#308668	['ix' '#93744' '#158076' 'statistic' '#164516']	0.82258228168	0.698060406901
sexist	['sexist' '#82935' 'female genital cutting' 'sexism' '#4753']	0.598740948719	0.621533615901
#68831	['invalid' '#75457' '#159755' '#27810' 'obviously']	0.729711858178	0.653631723117
acrylonitrile	['acrylonitrile' '#65134' '#64200' '#94891' 'xylene']	0.339368030001	0.348356868611
#160374	['#14733' '#160374' '#13405' '#67629' 'folding']	0.433921402071	0.439405722734
herbivorous	['#8769' 'herbivorous' '#9147' 'aquatic plant' 'herring gull']	0.307368458678	0.315969007715
#89194	['#84779' 'tout' '#45183' 'cabal' 'racialist']	0.720046500759	0.620156964834
planted	['felling' '#91676' '#36878' '#39451' 'shrub']	0.763748746347	0.563184984468
unilaterally	['#70108' 'cap' '#166828' '#4708' 'impasse']	0.835137859564	0.635657074376
#85038	['#1921' '#15845' 'forestal' '#21902' '#18702']	0.876315848232	0.625017091306
uncontested	['litigate' 'writ of habeas corpus' 'authorship' 'laughter' '#81820']	0.816208604275	0.65530454797
#27530	['#128651' '#34883' 'academic degree' 'senior high' 'subject field']	0.759204754608	0.669651650531
#76340	['lid' 'baffle' '#17754' 'close off' '#2045']	0.729166887236	0.57689382951
#98677	['#67629' 'solar battery' 'gyroscope' 'flow rate' '#28234']	0.60708856843	0.523319024457
#186952	['landing craft' '#17635' 'drop anchor' 'zoonosis' '#17030']	0.911649075027	0.650382985906
#29785	['#17754' '#14733' 'lid' '#26429' 'wetness']	0.642790604152	0.609727193179
have sex	['sexual relationship' '#19337' '#60242' 'have sex' 'sexual partner']	0.578417499443	0.568431770094
theft	['theft' '#3162' '#76215' 'motor vehicle' 'robbery']	0.352170224089	0.478471731038
bisexual person	['minimalist' '#3090' '#190214' 'homo' '#45991']	0.725812915935	0.613876252041
endless	['endless' 'gimmick' '#89396' 'facile' 'tiresome']	0.297340063074	0.433771612934
reveal	['usually' 'rely' '#192633' 'nearly' 'neither']	0.588855538034	0.515767064794
seminarian	['capillary' 'suction' '#154722' 'honeycomb' 'rubber dinghy']	0.728012019396	0.656586444081
#45815	['#45815' 'tenant' 'arable land' '#161648' 'estate']	0.369438373781	0.552580475607
#305229	['civil lawsuit' 'power of attorney' 'free pardon' '#153666' '#30068']	0.943881459743	0.573213701586
tanker	['tanker' '#327028' '#182443' 'drop anchor' '#41358']	0.380964500449	0.485620726305
#169696	['duplicitous' '#75459' 'gimmick' 'distract' '#41905']	0.877423303202	0.65535956146
#85103	['#85103' 'determining' 'defining' 'determinative' 'unhappily']	0.415603715078	0.520476415524
#33842	['#33842' '#139720' 'animate' 'rufiyaa' 'negative condition']	0.449783874162	0.601936474195
irradiation	['irradiation' '#133262' 'immunological' '#61390' '#289627']	0.442732837748	0.51655336017
naturalness	['#67629' 'unfavorable' '#58195' '#121751' 'all in all']	0.690440592304	0.620959885475
#4	['#14393' '#21178' '#61881' 'inner courtyard' 'quail']	0.797922311536	0.656174481005
oceanic	['#67629' 'sea water' 'overlying' 'subsidence' '#37159']	0.56381432684	0.472583930199
ostensible	['ostensible' 'mad' '#149644' 'madness' '#34784']	0.42976085568	0.483449643465
#85407	['#85407' 'trees' '#39428' 'national park' 'tree']	0.418572923803	0.556920603808
#29627	['bureaux' '#58367' 'feedback' '#30537' 'concise']	0.744965579327	0.693081973533
#120867	['#120867' 'volatile oil' 'windward' 'financial bubble' 'low water']	0.506837832305	0.543789812345
limelight	['squander' 'impatient' '#28112' '#24744' 'pawn']	0.853784807846	0.65131637217
#201997	['#26162' '#8411' '#181441' 'pharynx' 'aquatic plant']	0.593662209468	0.472957767578
#4744	['#57482' 'bring' 'above' 'however' '#77158']	0.739092165757	0.664937437364
denomination	['denomination' '#37783' '#97748' 'favoritism' 'tantamount']	0.475361412889	0.558324036096
#192859	['thrill' '#167511' 'quid' 'verdict' '#68907']	0.907633737416	0.641849284853
#305073	['horseshoe' 'clean out' '#15807' '#15012' '#20686']	0.819511292474	0.594520833678
butane	['#63145' 'butane' 'kerosene' 'candle' '#63157']	0.484528057716	0.504732775635
shaman	['#25980' 'activator' '#149253' 'anionic' '#92055']	0.62880740452	0.565284325191
#14379	['row house' 'air-conditioned' '#14733' '#16044' '#58009']	0.774019032788	0.527534814513
comb	['#58009' '#14733' 'chilly' 'sling' 'dilation']	0.53290759823	0.503336561187
reaction	['#26400' 'bronchus' '#41724' '#26402' '#67098']	0.854731388405	0.654275055617
#221500	['#124262' 'xenophobe' '#97482' 'chapel' '#161942']	0.978955095842	0.615220379908
circumstantially	['circumstantially' '#148601' 'unknowable' 'predestine' 'nothing']	0.472260615637	0.543829350471
hand grenade	['timing device' 'heavy machine-gun' 'breech block' 'grad' 'turret']	0.782371695478	0.552976093231
#151659	['submissiveness' 'wetness' '#41905' 'misconceive' 'ejaculation']	0.672334634917	0.631464561103
eggplant	['broccoli' '#968' '#35741' 'mulch' 'plastic material']	0.64879063583	0.481829905723
#141372	['thermoplastic' '#141372' '#49083' '#64944' 'suction']	0.498581303822	0.503051955279
#13752	['#13752' 'boomerang' '#93050' 'infinite' 'science fiction']	0.432863933343	0.482543990659
#149096	['#1880' '#25941' 'fall asleep' '#176526' '#64263']	0.580557501835	0.513388119899
#131626	['#18196' 'daylight time' 'frost' '#41358' 'thorn']	0.525649147466	0.50722388917
#226082	['mix up' 'subterranean' 'natural law' 'semiliquid' 'colloid']	0.811861364464	0.687073195446
psychological science	['#140503' 'microeconomics' 'environmental science' 'biochemistry'
 'spinoff']	0.816558219701	0.630461387811
water quality	['#24798' 'emigration' 'disastrous' 'worsening' '#127792']	0.831482651458	0.679376830042
building worker	['#48983' 'slice' '#20686' 'grinder' 'fried']	0.608509419704	0.565507474744
geological	['co-management' 'geometry' '#28234' 'measurements' '#306967']	0.712554067911	0.601851631834
#193805	['thorn' '#167198' '#72364' 'frost' 'buffet']	0.748366159545	0.623422330646
#85717	['sea water' '#144556' 'seashore' '#160583' '#155127']	0.86944088012	0.626087176899
burial ground	['#41358' '#14033' '#67176' 'graveyard' '#20399']	0.721799861957	0.608542042866
reindeer	['cattle' '#72952' 'hunting' 'felling' 'ranch']	0.794323374885	0.570469312177
income tax	['income tax' '#57374' '#1455' 'deduction' 'deductible']	0.473533569568	0.543885346153
#24745	['#37156' '#37159' '#66938' 'mineral water' 'chilly']	0.755165865253	0.542257903884
#82665	['#77947' '#60304' '#73234' '#155656' '#77010']	0.984631935463	0.708016116856
concerning	['#148468' 'objective' '#60556' '#57482' 'participation']	0.705511013073	0.693380984886
cleave	['#14971' '#62727' '#25941' '#13405' '#155762']	0.749856473729	0.522568821342
#39223	['#84999' 'endowed' 'put in' '#37458' 'finesse']	0.919653397011	0.660837855871
merchant vessels	['#16415' '#41358' 'railway track' 'capsize' 'drop anchor']	0.564670824515	0.517648758998
#477	['electrocute' '#66182' '#25483' '#155762' 'shave']	0.789855576392	0.42129274608
captivity	['guile' '#5434' 'mutilate' 'molest' '#15106']	0.585541327237	0.570971472583
#80800	['#142097' '#138042' '#94891' '#55854' 'silicone polymer']	0.696130629126	0.584009400423
#11911	['grenadier' '#11892' '#12457' 'horse mackerel' '#8769']	0.495560644496	0.471833009049
#14405	['fall' '#174734' 'vagrant' 'detention home' '#90435']	1.02838145608	0.654269759776
#45265	['precipitation' 'radiation belt' 'solar radiation' '#188781' '#97733']	0.816910910625	0.673986787256
horseshoe	['horseshoe' 'fill up' '#37152' 'toaster' '#15807']	0.431575039919	0.458777395552
#45916	['#28803' 'fuel' '#26900' '#30993' '#42841']	0.938235348969	0.673155739078
#91724	['#91724' 'foreseeable' 'inevitable' 'unavoidable' '#89237']	0.421203668824	0.517635958005
#94641	['susceptible' 'feedstuff' '#62501' '#5454' 'herbivore']	0.738205804942	0.611380074419
#153074	['apt' '#326713' '#30389' 'selfsame' '#33204']	0.878241282826	0.601451631448
#124196	['government income' 'gratuity' 'day labourer' '#155166' 'air-conditioned']	0.941167502792	0.692916705705
#75813	['portion' 'hinder' 'hamper' 'electricity' 'for instance']	0.684330104646	0.607185143885
layoff	['#870' 'unionisation' '#139720' '#61872' 'frost']	0.69792912605	0.585061872955
unearned	['#24744' 'squander' '#37796' 'gratuity' 'tannin']	0.726072972925	0.579307478074
bring about	['reversal' 'inevitable' '#77818' '#84310' 'painful']	0.872114682139	0.588104180839
#62945	['#63810' 'renewable energy' '#48670' '#3857' 'fourteenth']	0.745859931448	0.701840698994
#62941	['ketone' 'inorganic compound' '#293841' '#64211' 'xylene']	0.463817165067	0.411728456834
rib	['#25517' 'eyelid' '#19232' '#26616' 'pliers']	0.358149389824	0.29066183674
fame	['deform' 'fill up' '#25941' 'excrement' 'dilation']	0.760338576996	0.557807965516
cremation	['cremation' '#42505' 'parable' 'forbidding' 'whimsical']	0.455652801476	0.552996053153
#83949	['#83949' 'proportionate' '#91342' '#22612' 'craven']	0.332614384834	0.502159463507
#4445	['subsidiary' '#58824' '#71230' '#308138' '#76526']	0.86180549654	0.700292207063
#98012	['invader' 'greens' 'collectivization' '#59227' '#14041']	0.871080843713	0.676041076899
#30626	['rely' '#66651' 'client' '#277810' 'nearly']	0.897341261243	0.618494799327
#95412	['at a loss' '#94948' '#178201' '#84655' 'mystery']	0.877028728889	0.608356883085
#47010	['#41358' '#164160' '#48983' '#124878' 'burn out']	0.828210255315	0.644683551391
#84563	['#72733' 'ageless' 'country and western' '#83950' 'forgiving']	0.657138953251	0.61812385908
#1243	['#95263' 'bp' 'glider' 'breakwater' '#317595']	0.795616520604	0.596857968966
sterilized	['#303672' 'suction' '#956' 'antiseptic' '#3370']	0.947686541596	0.569465477566
mountain chain	['#160016' 'slice' '#48988' 'lynx' 'creek']	0.78715797087	0.440581132159
reporting	['planning' '#24766' '#27728' '#91611' '#202846']	0.870991767688	0.655272699371
sauna	['karaoke' '#32434' 'video game' 'games' '#151235']	0.596182837938	0.569771747413
colouring	['#20686' '#91444' '#84092' 'deform' '#73388']	0.872408733541	0.571650779615
#149259	['#18750' '#63713' '#303672' '#968' '#13630']	0.712439625534	0.586060802251
earmark	['#190556' '#49229' '#47077' 'fruit growing' 'seedling']	0.851743065647	0.691818771701
center	['#15094' '#284229' '#58092' '#176356' 'creche']	0.691277798753	0.638221043382
magnetics	['#67629' '#19743' '#41736' '#280782' '#13405']	0.733519541715	0.473263344945
#135467	['bone of contention' 'anodyne' '#132189' '#16830' '#27934']	0.70264655743	0.574466922477
#317462	['adulterous' '#48053' '#47575' 'stepfather' 'christening']	0.573859775008	0.505930151849
#1019	['sewer' 'woodworker' '#18917' '#995' '#319431']	0.887526586102	0.601536104993
#68009	['#68009' '#84655' 'bewitch' 'crystal ball' '#186227']	0.382521560106	0.489159041793
#93789	['#93789' 'controversy' 'triple' 'negligence' 'unjustified']	0.362102421292	0.545276838683
#43807	['paediatrician' 'family doctor' 'dietitian' 'gynaecologist'
 'family physician']	0.437933966454	0.422864111912
bananas	['#93050' 'honey' '#17246' '#35309' '#139117']	0.940202155983	0.56505440974
#48094	['leper' '#169010' 'expectant' 'parturient' '#48094']	0.548370867919	0.540219052093
#9658	['#9147' 'caterpillar' '#9818' 'herring gull' '#8769']	0.619186263173	0.57731716915
#200257	['overnight' '#200257' 'parking' '#65412' 'weekend']	0.389215917993	0.535039408869
#73770	['#73833' '#69040' '#97197' 'likelihood' 'familiar']	0.829808614743	0.642223966655
antichristian	['#19021' '#48988' 'horseshoe' '#1880' 'frost']	0.667912851966	0.476877010061
miniscule	['miniscule' '#89122' 'just about' 'entrance fee' '#24744']	0.409524917153	0.508761680441
sport facility	['swimming pool' '#39018' '#139646' 'sport facility' '#199568']	0.54102068371	0.533837064737
#78666	['marriage ceremony' 'given name' 'power of attorney' 'executory' '#29303']	0.602499843847	0.569558126677
#178134	['#178134' 'indubitable' '#174432' '#125903' 'incomparable']	0.410198855368	0.557414238043
ease	['femur' '#160696' 'swelling' 'suffocating' '#25515']	0.759963977941	0.647966414332
mobile phone operator	['mobile phone operator' '#78635' 'engraving' 'violin' '#121912']	0.619569708148	0.63194283624
#215118	['grammar school' '#46261' 'gifted' 'lyceum' 'senior high school']	0.599458009752	0.580452209507
shout	['buss' '#94342' 'tram' '#58009' 'downstairs']	0.75854169909	0.54045100079
decompression	['#155127' '#89367' '#37152' 'tap water' 'passenger bus']	0.703532101467	0.56913121709
exhibition	['decorative' 'sculpture' '#175054' '#3803' 'tasting']	0.739665976031	0.656646215529
#46121	['unemployment' '#69391' 'spread' 'road' '#142193']	0.79335789832	0.609029536433
transformation	['frequently' 'for instance' '#69507' '#37920' '#70336']	0.759773626827	0.65730348542
oral exam	['#41905' '#74354' '#155127' '#17754' 'lid']	0.685227253963	0.570891808037
hunt down	['#64263' 'frost' '#124878' 'deform' '#67175']	0.921933774386	0.47121162072
punctual	['reiterative' '#83934' '#85468' 'impatient' 'troublesome']	0.788218951192	0.619353939553
archeological	['#78944' 'archaeological site' '#39192' 'archaeological' '#151337']	0.717490862378	0.592375074746
observation post	['observation point' 'lam' '#18733' '#16804' '#126719']	0.916816410144	0.553495949569
#67837	['#14971' '#13170' '#14733' '#186229' '#17754']	0.403044155054	0.382646194493
five	['how' 'planning' 'cough' 'rubella' '#71076']	0.816187583546	0.68020254845
#1834	['sportsmanship' '#1833' '#82542' '#4255' '#98785']	0.784490158891	0.598168372257
immediately	['beginning' '#76526' 'examination' '#71230' 'inspection']	0.803536749384	0.604933387335
antiseptic	['suction' 'antiseptic' '#12975' 'sodium bicarbonate' 'activator']	0.414859694943	0.441883293433
rear	['#176356' 'female parent' '#45162' '#166658' '#45160']	0.648230547054	0.59429705512
#33610	['#68486' '#33610' 'frost' 'fall down' 'derailment']	0.442157400146	0.442665085637
gatehouse	['#67176' 'semitrailer' '#182443' '#94342' 'divider']	0.813660883934	0.479941536539
supernumerary	['#35201' 'carton' 'audiotape' '#119136' 'n.b.']	0.791916530367	0.700684827829
multicultural	['black' 'native' '#42734' 'white' 'confederation']	0.766110927488	0.705864299404
securities	['#303930' '#57084' 'real estate' 'foreign exchange' '#57018']	0.869238683036	0.608549837453
#64336	['#57935' '#67629' '#67619' 'mineralize' '#48988']	0.506790885311	0.433992301348
#30559	['#140395' 'radio channel' 'television network' 'percolation' '#32154']	0.906347920183	0.632313575007
adversity	['adversity' '#33757' 'insurmountable' '#84440' 'endurance']	0.41944303983	0.539096133557
#95911	['#14733' '#71477' '#16044' 'goggles' '#37152']	0.597376982993	0.485978290778
delegation	['only' 'submit' '#192580' 'about' 'bring']	0.84654947484	0.626850701516
#58527	['#303672' '#221054' '#192437' 'biosensor' '#72816']	0.570153601476	0.555034351548
#78201	['#78201' 'steel' '#63729' 'cloth' 'fabric']	0.385912378171	0.50502213508
character reference	['#116392' 'recorder' '#187627' '#20686' 'overhead projector']	0.687689773972	0.642998561728
computer screen	['#13405' '#14733' 'pedal' 'connector' 'buckle']	0.556589662865	0.510601906703
tadpole	['tadpole' '#9147' '#9177' 'aquatic plant' '#8769']	0.282234788611	0.299004745918
outgo	['#37159' '#67629' '#16442' 'electrical connection' '#20686']	0.584242145414	0.486865079004
#124497	['overused' 'apt' '#96753' 'flavour' 'grandiose']	0.864366147866	0.698265977803
#18321	['#995' '#282649' 'moulding' '#21605' '#2900']	0.705504590955	0.549526132528
intravenous	['#26349' '#58168' '#98266' 'pediculosis' 'impure']	0.647542699849	0.58356863715
run	['#69964' '#77947' 'short' '#73234' 'behaviour']	0.711258409601	0.652894587746
#59348	['yield' 'infant' '#146477' '#183048' '#29979']	0.880360851664	0.695528468831
judgement by default	['#165613' 'marriage ceremony' 'imprescriptible' 'sacrosanct' 'nullity']	0.597899116231	0.584106843681
#93582	['#25414' 'cytochrome' '#6836' '#9147' 'peregrine falcon']	0.586876332191	0.527651241039
host	['outside' 'for example' 'exist' 'presence' '#898']	0.874218205443	0.660850855604
uncivilized	['uncivilized' '#149644' '#48091' 'stupidity' '#90506']	0.443050657132	0.536308220197
television show	['#30456' 'horseshoe' 'film clip' '#20686' 'row house']	0.605036289592	0.578675645448
city hall	['set ablaze' '#58009' 'casbah' 'set afire' '#72894']	0.886821872359	0.593563288153
#316429	['#28234' '#94702' '#18295' 'photon' '#41214']	0.686456628976	0.551922310638
dictated	['dictated' 'simplistic' '#82946' 'amusing' 'at the beginning']	0.481804882232	0.549956091596
firing	['firing' 'perforate' '#44675' '#4007' '#21896']	0.46174851835	0.554722960059
foil	['#67629' 'baffle' 'deform' '#156153' 'fill up']	0.54590712018	0.484717935582
#88034	['queer' '#31607' '#18603' 'observatory' 'transvestite']	0.857466588746	0.673828781719
mental deficiency	['epilepsy' '#26874' '#62037' 'spastic' '#61280']	0.406263566649	0.397637763182
cooperative society	['property tax' '#182109' 'wine' '#57387' 'lottery']	0.908283230955	0.636812152858
#45424	['deform' 'lid' 'frost' '#17754' 'raging']	0.525442781895	0.469246607789
#85414	['#85414' 'notional' '#133340' 'intelligible' '#57530']	0.409708609514	0.575135740018
sept	['#80555' 'breeze' 'dilation' 'lynx' 'thorn']	0.845243993036	0.637173173209
#190337	['horn' 'neighbor' '#11423' '#1640' 'windward']	0.545757158653	0.511187384449
deafness	['epilepsy' '#62678' 'deafness' '#60842' 'spastic']	0.435839220196	0.428917838677
#177650	['#177650' 'chestnut' '#36001' '#36013' '#157233']	0.389767665364	0.471332867808
social service	['lie' '#181275' 'characteristic' '#82005' '#1310']	0.779993393099	0.588715226683
stabilisation	['#84999' 'endowed' '#78723' '#33811' '#49091']	0.679678826921	0.613877131975
#192246	['topographic survey' 'turner' '#86302' '#17183' '#8949']	0.724418173247	0.589921209096
renewal	['#5151' '#4123' '#125519' 'disregard' '#93760']	0.766554748071	0.673355205575
#116039	['frost' 'subsidence' '#64263' '#66938' '#34106']	0.764688567977	0.499936310165
preferment	['preferment' '#177816' 'marriage ceremony' 'given name' 'cadi']	0.606613208968	0.627439882855
#29033	['recurrent' '#177055' 'even though' '#69507' 'hamper']	0.87734939917	0.745970018471
galvanize	['breakthrough' '#45969' '#62201' '#30420' '#63335']	0.860531568126	0.73542183728
dynamite	['#66938' 'calcination' '#16806' '#57998' 'firing mechanism']	0.565750068002	0.516942277065
artificial intelligence	['#140135' 'sonar' '#113510' 'radiometer' '#20719']	0.563617731808	0.509151635936
#174400	['#48983' '#67629' '#41905' 'canalization' 'thermal pollution']	0.8033079969	0.605992657136
#159174	['#68288' '#178869' 'conceit' '#166834' 'offer up']	0.763141889433	0.626390036553
#144597	['#127133' '#209107' 'martyrdom' 'criticise' 'biochemistry']	0.857586947899	0.68827440655
#27708	['#27708' 'subjective' 'variant' 'vague' '#172854']	0.351276266702	0.541986541861
#143388	['despise' 'sober' 'give thanks' 'thrill' 'ponder']	0.749684728311	0.646059411317
#97755	['#97755' 'basilica' 'habitant' 'abattoir' 'polje']	0.590392247755	0.647214667699
prawn	['aphid' 'caterpillar' '#8769' '#9147' '#10677']	0.425731024648	0.393787276941
#33126	['vehemence' '#33361' 'oft' 'litany' 'skeptic']	0.653383447184	0.584572092311
#43163	['#43163' '#43192' '#82690' 'elite' '#68941']	0.44585493283	0.58384815328
injection	['#12745' 'spoon' 'skin problem' '#60944' '#26349']	0.709448201832	0.560818172006
#159672	['deform' 'rectum' '#25276' 'frost' 'chilly']	0.538845850158	0.472385007242
#182495	['#35343' 'confectionery' 'cheese' '#36612' 'crochet']	0.705008965474	0.58154954855
#306234	['plutonium' 'uranium' '#63006' 'nuclear power plant' '#13116']	0.739774807254	0.651299106714
church building	['thorn' '#67176' '#37371' '#72438' '#41358']	0.692493032073	0.612224974471
#192693	['brutal' '#147215' 'vigorous' 'endure' 'sacrifice']	0.828879814556	0.69532229137
wholesale	['wholesale' '#4578' '#36848' 'beer' 'beverage']	0.36363581719	0.45975847062
spleen	['#9177' 'guillemot' '#25517' '#72351' '#149441']	0.481134951024	0.442826297877
jackhammer	['jackhammer' '#12818' 'backhoe loader' '#20986' 'perforate']	0.359421493568	0.404424255961
fried	['fried' '#66938' '#20686' '#37159' '#67629']	0.491401300001	0.512270025293
propaganda	['propaganda' '#78567' '#867' '#87292' '#31620']	0.51288106436	0.656575192096
#36966	['porcelain' '#10677' 'caterpillar' '#64748' 'earthenware']	0.56713980879	0.557373198835
#37509	['slum area' '#84617' '#32434' 'online game' 'porno']	0.669809999565	0.615738564233
#186606	['#186606' '#154163' 'xenon' 'pigment' 'inorganic compound']	0.420425609429	0.423466458958
#72468	['#4542' 'capsize' 'trolleybus' '#20369' '#71373']	0.857110334854	0.500945648655
#79160	['#79160' '#72720' 'gauze' '#67176' '#16870']	0.448967365486	0.484623092184
#85687	['#33316' '#57584' 'renewable energy' '#65273' '#30563']	0.781487252605	0.703688475557
#117501	['#82580' 'mutagenic' 'sterilization' '#73997' '#181862']	0.857887183825	0.682889951877
#77497	['#77497' 'tactics' '#150911' 'toll' '#69553']	0.405630697219	0.543380346969
father-in-law	['#47911' 'uncle' 'in-law' 'decease' '#207215']	0.81478232989	0.587017526234
ameliorate	['#41905' 'troubled' 'cubic content' 'humidity' 'pour down']	0.872565922555	0.681123762952
#44447	['mighty' '#59755' 'eastern hemisphere' '#47142' 'come down']	0.658861216984	0.629558037817
#46535	['#46535' 'patriot' '#124262' '#81948' '#43502']	0.438612232518	0.513801503152
biochemistry	['immunological' 'cyanobacteria' '#63391' 'melamine' '#206183']	0.598240823125	0.551457972193
diplomatic note	['#4542' 'steamship' '#25276' 'sup' 'hamam']	0.786192606204	0.533911477477
#45829	['#43121' 'buddhist' 'heresy' '#43127' '#97761']	0.706396840387	0.60336381834
#87374	['#87374' 'underemployed' 'wanting' '#189068' 'part-time worker']	0.410018337953	0.515404145686
vanquished	['#121970' 'backhoe loader' '#178057' '#14033' 'cannon']	0.676802857359	0.614703295555
#87377	['pose' '#78648' 'introduction' 'detail' 'paper']	0.997669832708	0.698241446008
papers	['strip' 'blood relationship' '#73284' '#21874' '#140829']	0.82646302145	0.682840758196
acidification	['subsidence' 'bleaching' 'thermal pollution' 'evaporation' '#198934']	0.804563524224	0.578530785609
#39688	['building site' '#39688' 'outbuilding' '#39143' 'main street']	0.329621504917	0.438458153495
#81699	['intercourse' 'sodomy' '#159441' 'depravity' 'carnal knowledge']	0.615591273482	0.501516100406
switch off	['#13405' 'switch off' 'buckle' 'radio wave' '#20686']	0.48571246101	0.496755020078
#85051	['expatriate' '#46962' '#156941' 'turnover' '#194765']	0.82885866567	0.628396721462
genealogical	['#169010' '#45138' 'assisted reproductive technology' 'genealogical'
 'anamnesis']	0.630188866088	0.628708491311
#87080	['#87080' '#94254' 'salutary' '#86828' 'harbinger']	0.446701637108	0.550769749199
#166725	['gush' '#14971' '#74289' 'fall down' '#147585']	0.512539072867	0.440627155197
ghost	['#66182' '#159499' 'shave' 'deform' '#130527']	0.600651041307	0.548053243074
#15398	['#120924' '#116392' 'dependent variable' '#13405' '#22208']	0.831651257229	0.61073515254
#90901	['perforate' '#13431' '#72351' 'shard' '#186229']	0.451257726617	0.358652421047
#32529	['#32529' '#82542' 'genius' '#89457' '#62197']	0.51094699512	0.613524842852
exigent	['exigent' 'shrewd' 'good sense' 'evenhanded' '#67090']	0.40763146391	0.535281180556
heath	['family doctor' 'heath' 'parish council' '#39055' '#139031']	0.533160102607	0.549532243561
#78966	['#61695' 'enclosed space' 'active satellite' '#29391' '#140627']	0.90984642291	0.632384356177
#23705	['#118884' 'indubitable' 'simplistic' '#85468' '#92761']	0.739271513972	0.616805056614
#950	['#226569' 'trigger off' 'deducible' 'target range' 'obligor']	0.805261961508	0.685716265138
#95409	['#33007' 'fluently' '#122066' 'get to' '#168383']	0.851499123266	0.667378129179
#147256	['electrocute' '#16870' '#155762' '#67176' '#20686']	0.828978355985	0.612786121318
