#61554	['#61554' 'trauma' 'psycho' 'self-esteem' 'emotional']	0.530720321157	0.57230481269
#74905	['#91130' 'run away' '#86931' 'retarded' 'orphaned']	0.653432767815	0.585736754265
deferment	['lengthen' 'deferral' 'heyday' '#4356' '#4370']	0.797700511549	0.562765035653
zing	['#43502' 'boulevard' '#59143' 'hamlet' '#43391']	0.765660835129	0.574506677591
appetite	['#26981' 'vertigo' 'insomnia' '#60626' 'dizziness']	0.645460831315	0.523221871285
radio beacon	['#15511' 'reflector' '#19743' '#89573' '#18093']	0.638122418017	0.591752155782
#149322	['faucet' '#33269' 'hole in the ground' '#20327' '#174951']	0.795315636094	0.653513731428
#37298	['#37298' 'knitwear' '#43832' '#21426' '#184548']	0.372399087785	0.481399946628
overlying	['overlying' 'dilation' '#67629' '#58195' 'perforate']	0.420294747856	0.46791042435
#37886	['#57383' 'get into' 'alternative fuel' 'capital gain' 'fragrance']	0.738595806243	0.670464682568
#143316	['activator' 'honeycomb' 'ketone' 'inert gas' 'alkyl']	0.600299963616	0.576881625618
#21495	['#90581' '#19911' 'roof' '#13469' 'plastic']	0.777323875358	0.561820716592
#85292	['seasoning' 'sane' 'think over' '#146102' '#12908']	0.891147531574	0.70826589721
#324	['#324' 'dreary' 'beehive' '#66933' '#294493']	0.419464282729	0.517192655672
agglomeration	['sprawl' 'congested' 'megalopolis' '#39146' 'joblessness']	0.669349655416	0.611490610804
#69825	['unfair' '#147172' '#69048' '#66880' '#46458']	0.800381452201	0.64572901624
vast	['vast' '#78052' 'hamper' 'hinder' '#24725']	0.576430324732	0.610223077922
#132357	['#132357' 'inspector general' 'police commissioner' '#14393' '#46691']	0.677882891927	0.700754206711
marry	['#164427' 'adulterous' 'married' '#76911' 'extramarital']	0.527479316166	0.495034903069
#93561	['#73284' '#194722' 'reformed' '#211270' '#84088']	0.80510794922	0.714574899846
#193481	['#46418' 'polemic' '#177237' '#144064' 'recite']	0.6885268837	0.632995350301
#173521	['#19743' '#42935' 'reflector' 'scattering' '#67743']	0.546068295234	0.482115592041
#77515	['#77515' '#90596' 'some' 'see' '#77503']	0.576857069601	0.633013989583
#28481	['xenon' 'granular' '#63046' '#28486' '#97733']	0.718078324439	0.609410583069
#97666	['#98643' '#133145' '#311425' 'artistic creations' 'canon']	0.740695091357	0.643054217517
#59828	['colloid' 'aneurysm' '#59828' 'maturation' '#66917']	0.62652575681	0.624441277936
traveling	['traveling' '#169010' '#140422' '#191474' 'head home']	0.541899952342	0.568494481466
#20640	['#20640' '#14343' 'shard' '#183945' '#13431']	0.364762385676	0.40512340909
#17429	['#17429' 'shard' 'armoured car' 'windshield' '#159525']	0.449151598554	0.461869882064
#59730	['decompose' '#67629' '#67175' 'cool down' 'infrared radiation']	0.541681810527	0.498648706391
opaque	['technicality' '#89478' '#21605' 'cosmetic' 'tile']	0.756035125112	0.622805382181
#119879	['#119879' 'page' '#57824' 'examination' 'circulate']	0.45738886487	0.583701582608
#85738	['#85738' 'poke' 'rectum' 'thorax' 'prick']	0.434352548075	0.452461322082
#33603	['#33603' 'eye-opener' 'unintelligent' 'rhetorical' 'distraction']	0.424381063345	0.548396441353
caffeine	['#63391' 'glucose' 'fatty acid' '#63341' '#64095']	0.946597676065	0.479901907818
#78602	['ferrous' '#96783' '#12772' 'emit' '#78127']	0.622570190226	0.553209184966
#311424	['genomics' 'life science' '#28366' 'genetic science' '#28474']	0.73932103949	0.637128652238
supplies	['clause' 'for instance' 'hamper' '#78052' '#22789']	0.767144849526	0.645996156042
national debt	['#305404' '#156964' 'deceleration' '#85642' 'undiversified']	0.608131631424	0.580235563852
#23296	['#19884' '#60418' 'confuse' 'disguise' 'leaf']	0.69056327545	0.588639043674
jet propulsion	['scattering' '#1489' 'geomagnetic' 'reflector' '#19743']	0.591622674513	0.568552343856
#58510	['replacing' 'cabal' '#45991' '#58735' 'past tense']	0.769473271509	0.601147853022
major power	['#149354' 'neighbor' 'amass' 'trumpet' '#92276']	0.741673557936	0.645365988505
#288788	['turn off' 'geometry' '#199339' '#38248' '#18609']	0.843349811879	0.712952511757
exemption	['#70352' 'epinephrine' '#17634' '#31636' 'for certain']	0.786544534531	0.624073799741
noticeable	['noticeable' 'public transport' 'too much' 'pocket' 'undeniable']	0.362276141336	0.543912031994
repairman	['#134591' 'brickwork' '#45407' 'joinery' 'woodworking']	0.651232343254	0.544184810312
guarantor	['upholder' 'imprescriptible' 'eye' '#25509' '#2742']	0.702214016654	0.633138093774
bot	['condor' 'unsubstantial' 'pine' 'tint' '#65092']	0.816945602039	0.646072988271
#171698	['#74292' 'come down' '#171698' 'country and western' 'opulence']	0.608493173832	0.606238301136
adopting	['consanguine' '#59675' '#47335' 'sibling' '#45768']	0.662510865614	0.527858458682
gravimetric	['electromagnetic radiation' 'photometric' 'gravimetric' '#18093' '#98237']	0.525916346076	0.524543136446
countervail	['countervail' '#36378' '#26548' 'beef' 'wine']	0.377928768061	0.52543860354
criticise	['#44711' 'detractor' 'criticise' '#83627' '#32440']	0.644387947363	0.645411613812
#71213	['#23307' 'demonic' 'denature' 'glass fibre' 'reproducibility']	0.681520362435	0.665621384885
recording machine	['#17791' 'coverage area' 'optical system' '#46593' '#121751']	0.915117362971	0.647925398011
#60627	['anaesthesia' '#60627' 'catheter' 'coronary' '#14359']	0.496028324993	0.505387219222
#79306	['#14033' 'sling' 'fastening' '#79306' '#20035']	0.497655688411	0.497358589282
causal	['causal' '#83142' '#59544' 'infer' 'speculative']	0.394549357587	0.484974115509
tax avoidance	['tax fraud' 'indirect tax' 'l\xc3\xa8se majest\xc3\xa9' 'onerousness'
 '#142598']	0.828657453559	0.641511918469
hotel manager	['waiter' 'baker' 'eating house' '#18367' 'discotheque']	0.838464635525	0.561189779033
remaking	['#324545' 'ride out' 'constrained' 'mighty' 'amass']	0.746684584783	0.636618292252
#63037	['#63037' 'marble' 'platinum' '#24039' '#64413']	0.414427180913	0.502122891542
illegal	['#90690' '#70813' 'look-out' '#3119' '#2614']	0.709479195916	0.671217578258
petroleum	['petroleum' '#64471' '#64497' 'natural gas' 'petrol']	0.244715874818	0.419125781926
merchant marine	['#17662' 'cargo vessel' '#14248' '#17635' '#72497']	0.904543058553	0.668846281911
irritate	['#67490' '#67175' 'deform' 'sling' '#88301']	0.530373937443	0.514339746892
#1716	['#44363' 'domination' 'ethnocentric' 'colonization' '#5173']	0.856544831869	0.685843243695
background knowledge	['step by step' 'compasses' 'navigational chart' '#201144' 'penumbra']	0.897278460116	0.704401033192
#48618	['magnificent' '#65887' '#82542' 'reborn' '#97352']	0.795380339131	0.589533744654
#140959	['#21605' 'vinyl' 'tile' '#282649' 'air-conditioning unit']	0.578140249661	0.504563944045
pension benefit	['#57286' 'contributory' 'sickness' 'unemployment benefit' 'old age']	0.775787594174	0.638717317225
iodide	['#49083' 'xenon' 'inorganic compound' 'isocyanate' '#64944']	0.681358567018	0.488898770595
#312556	['#120747' 'crystal ball' 'agrotechnology' 'clean energy' '#28112']	0.704623730808	0.654708692327
one-sided	['#93643' 'anachronistic' 'simplistic' '#94468' 'tiresome']	0.832059210449	0.501988897499
temporary employee	['#171986' 'part-time worker' '#86071' '#317501' '#123970']	0.798976122152	0.556736120031
#317649	['#16821' 'gymnasium' 'officialization' '#28480' 'curricular']	0.892540743885	0.744808214962
self-analysis	['self-analysis' '#86874' '#86094' '#87904' 'simplistic']	0.381707768374	0.464840869852
overrun	['spurring' '#16830' '#81786' 'pitiable' 'dam.']	0.834280442773	0.626432584265
#41515	['#84999' 'endowed' 'waterless' 'steppe' '#41516']	0.641415623078	0.619920151489
bald eagle	['herring gull' '#9177' '#8769' '#9147' '#6051']	0.764414405191	0.357950112636
#186070	['guarded' 'skeleton' '#64973' '#150109' 'ulceration']	0.690290741661	0.631561557211
take-off	['#1208' '#17634' 'change of direction' '#29391' 'propeller']	0.897923680929	0.572923202286
accomplishment	['#191818' '#77970' '#68573' '#192899' '#294221']	0.694162226999	0.62695762568
#47560	['deviant' 'exhibitionism' '#89700' '#89713' 'recommendatory']	0.872495184812	0.740426101625
offended	['indictable' 'civil lawsuit' 'principle of contradiction' '#60340'
 'wrongdoer']	0.819505691406	0.670771372547
video disc	['foraminifer' 'activator' '#97796' 'suction' '#95493']	0.762109384592	0.636453953757
mechanic	['electrician' 'carpenter' '#2562' '#16386' '#21605']	0.665132467885	0.481167809
#83362	['#83362' 'dark' 'grim' 'dismal' 'bright']	0.228861092638	0.402417400651
conformity	['#4664' '#119879' '#57861' 'cop' '#27961']	0.816984282463	0.68103959674
dressmaker	['woodworking' 'seamstress' '#45407' 'construction worker' 'hairdresser']	0.838255685603	0.474735549991
vermiculite	['electromagnet' '#49083' '#304617' 'cathode' 'plastic material']	0.929113621742	0.482659633851
indulgence	['#34784' '#23746' 'modesty' 'flesh and blood' '#16830']	0.955093233722	0.545550189198
peaceful coexistence	['#22930' 'battle' '#62571' 'downward' 'victory']	0.767707779314	0.685990967434
#46699	['politician' 'diplomat' 'metal' '#29007' 'motivation']	0.846379943539	0.651271574303
#46436	['abandoned child' '#317363' 'orphanage' '#18684' 'beggar']	0.458463930669	0.385237498953
multi-user	['#220843' '#282385' 'barcode' '#12871' '#140135']	0.605918930645	0.568259607939
#94305	['#94305' 'soporific' '#28059' 'flavour' 'objectionable']	0.404640891472	0.509053733646
definite time	['definite time' '#123924' '#71889' 'warm-up' 'granulation']	0.421252607651	0.507604096451
news agency	['#70248' '#30449' '#200414' 'television network' 'short wave']	0.803805286567	0.664798336484
winter	['#65755' 'winter' 'season' '#65750' '#65753']	0.284791774186	0.375218631182
#30507	['#32703' '#177237' 'joy' '#149544' 'recite']	0.754330441019	0.674473278508
scarring	['#61668' '#26543' '#72806' 'forearm' 'haematoma']	0.814604002523	0.527587818219
international community	['response' 'territory' 'therefore' 'context' '#84191']	0.843280507153	0.732920551499
dismissed	['dismissed' '#86060' '#57721' 'bad cheque' 'tenue']	0.437475444647	0.560315070768
#81992	['uncertainty' '#81992' 'portion' 'hamper' '#92655']	0.638458532977	0.652206266516
#95546	['behaviour' '#31240' '#1271' '#73729' '#72310']	0.763438732678	0.688810053704
full board	["children's home" 'hippy' 'leper' 'abandoned child' '#43907']	0.751970416182	0.559454163071
#178808	['u.' 'roach' '#30176' '#146986' 'sec']	0.87928847216	0.693470623857
sprinkle	['sprinkle' '#169010' '#12975' 'kangaroo' 'shampoo']	0.581999751131	0.62410551048
ladder	['#13744' 'stairs' '#13170' 'razor wire' 'ultraviolet lamp']	0.785846658926	0.599318484788
philosophy	['pragmatic' 'theory' '#84622' 'natural science' '#27876']	0.653436744608	0.637267078999
freedom of assembly	['freedom of thought' '#25036' 'freedom of assembly' 'freedom of speech'
 '#199529']	0.424081865728	0.427094256877
#37102	['soft drink' '#37102' '#94104' 'beer' 'beverage']	0.238629236626	0.290656966934
#73905	['#317958' 'despair' 'famine' '#28200' '#43206']	0.929624125231	0.590173956078
federal state	['#61002' 'perinatal' '#98497' '#98590' 'premarital']	0.755881578718	0.692256865608
ethnic	['#191469' 'core' 'start' '#85801' 'either']	0.728913194228	0.712172189696
#81290	['relational' 'metaphysical' '#181696' '#93064' '#84935']	0.637150411561	0.582725569751
pro se	['disputable' '#37347' '#48756' 'medical record' '#30251']	0.775534653114	0.747571705673
supersonic	['supersonic' '#33454' 'jackhammer' 'sling' '#183945']	0.476608758512	0.517035438854
#124749	['grandmother' 'aunt' '#43786' '#47575' 'stepfather']	0.466945621489	0.445627583436
toughening	['toughening' 'pedlar' '#167537' '#169354' 'drug dealer']	0.398700028351	0.555053081089
manganese	['#49083' '#41190' 'inorganic compound' '#62956' 'hydroxide']	0.60631071862	0.531283004545
question mark	['#31600' 'irony' 'boil' '#78398' 'disinfect']	0.704542547336	0.595763984449
#31121	['#76941' '#292441' '#93971' '#151938' '#45138']	0.897419329954	0.639494739237
#157436	['#157436' 'subsidiarity' 'exegesis' 'appurtenant' '#23027']	0.613786231873	0.623961626021
astronomical	['photometric' '#178897' '#179357' 'ionosphere' '#17356']	0.752636770062	0.619453113959
ensnare	['inflated' '#92004' 'contort' '#75936' 'voracity']	0.739029951073	0.666469087786
#37652	['widowed' '#89649' '#45343' 'grandson' '#66270']	0.718743989811	0.518756960855
#119246	['tannin' 'scab' 'suction' '#64944' '#64574']	0.574797771722	0.530096226959
#98747	['petrochemical' 'sawmill' '#189675' 'metallurgic' '#21605']	0.651095718529	0.50033819863
#323809	['#323809' '#64835' '#57551' '#18140' '#5126']	0.551889634376	0.655634450561
lf	['#36554' 'xylene' '#65128' 'trichloride' '#83999']	0.71995432754	0.547748133887
#23676	['#23676' 'voraciousness' 'voracity' 'soft drink' '#94104']	0.381110318382	0.482601845366
destroyer	['destroyer' '#13729' 'turboprop' 'backhoe loader' '#74521']	0.520365675492	0.548720011509
personal	['executive director' '#97616' 'organizational' 'outline' 'percentage']	0.710764737206	0.672848851767
#17219	['#17219' 'protrude' 'ionize' '#75133' '#163971']	0.451835026277	0.476015012772
poetic	['poetic' '#89281' '#86874' 'infinite' 'genius']	0.366081798571	0.452102809001
writing	['#73250' 'goodwill' 'obviously' 'provoke' '#92322']	0.751629541675	0.654411142057
#87648	['#62197' '#127829' '#94254' 'greatness' 'saying']	0.676145147657	0.587204270625
dedicate	['dedicate' '#21163' 'discontinue' 'subsection' 'research and development']	0.663930513238	0.675609051633
mod.	['turret' '#20986' '#14033' 'timing device' 'heavy machine-gun']	0.524189219192	0.478453492528
#43209	['#43209' '#67206' '#121554' 'standard error' '#82702']	0.366587546597	0.513837283101
#85332	['human relations' 'symbiotic' '#159753' 'natural world' 'harnessing']	0.634075401286	0.624645419957
generously	['endure' 'sacrifice' 'brutal' '#91997' 'vigorous']	0.79162777121	0.684185883909
television viewer	['television viewer' '#199840' '#304543' '#30465' 'telecast']	0.500524768757	0.576970810209
#43203	['#43212' '#86323' 'leave behind' 'guerrilla' '#87372']	0.735276020052	0.624408933817
#28230	['#28230' 'mathematics' 'middle school' 'elementary school' 'maths']	0.564531432555	0.592890830323
#77911	['#77911' 'definitely' 'surely' '#23387' 'confuse']	0.348849111194	0.558592429116
ambition	['ambition' '#130057' 'impasse' 'dream' '#125574']	0.405856689394	0.568984231304
interrupt	['interrupt' 'unjustified' '#69256' 'reopen' '#82317']	0.292803069104	0.536797236121
#119149	['phosphonic acid' 'isocyanate' '#225427' 'sodium bicarbonate' 'bacillus']	0.519428200098	0.461794863881
#28389	['orthodontics' '#86931' 'out-patient' 'antiseptic' '#12975']	0.838335707725	0.54867038617
#38512	['#37942' 'nonetheless' 'ceiling' 'rationalize' 'rigorous']	0.852641845769	0.680125085145
#139244	['#1638' '#67985' '#75459' '#97822' '#1562']	0.683554410327	0.65784287312
#4009	['machine-gun fire' 'nab' '#186770' '#33929' 'machine-gun']	0.461571132422	0.434138007738
nitric acid	['nitric acid' '#63522' 'electromagnet' 'electric arc' 'nitric']	0.444167269011	0.467591149682
#67745	['#67629' '#196877' 'reflector' '#49047' '#58348']	0.665543150227	0.623410210516
#172542	['caliph' '#33565' '#149071' '#67985' 'labyrinth']	0.767452933569	0.639888837946
#60344	['usually' 'ago' '#60344' 'rely' 'neither']	0.593276056225	0.596258399554
psychiatric hospital	['psychiatric hospital' "children's home" '#18684' 'mental hospital'
 'out-patient']	0.504609257658	0.566546596802
pantry	['dish' 'eating house' 'entrance fee' '#36612' 'porridge']	0.989008809424	0.59704509685
federal territory	['#59344' 'member of the family' 'unconstitutionality' '#45343'
 'nuclear family']	0.852469393074	0.674107434324
#164956	['colloid' '#20218' 'biosensor' '#283611' 'liquid crystal display']	0.894432107081	0.659011530843
disinterestedness	['#19628' 'strap' 'rubber dinghy' 'stench' 'undercarriage']	0.791027646278	0.62286445962
whip	['electric shock' 'fasten' 'rubbing' '#26616' 'torso']	0.783427632203	0.572009312101
#65911	['at the present time' 'onset' '#65755' 'winter' 'worsening']	0.918689744324	0.640750845665
#32881	['#32881' '#28611' 'grammar' 'pronunciation' 'mating']	0.579423989937	0.591694499649
#132689	['rocky' 'slippery' '#93919' '#179668' '#58331']	0.651593016348	0.569007815814
#31092	['at the beginning' '#86059' 'inference' 'hypothetical' 'fictional']	0.918506820569	0.70388443693
copepod	['tadpole' 'cormorant' '#8887' '#9223' '#35352']	0.388448375246	0.368900403553
#41499	['#41499' 'wind' '#58288' 'restaurant' '#82690']	0.370139531837	0.527150379867
mercantile	['mercantile' '#14295' 'palm tree' '#53868' '#64413']	0.478002613475	0.532179598418
dictatorial	['infamous' 'animate' '#30631' 'dinosaur' 'incantation']	0.644235125532	0.582367100496
#26387	['fatty acid' 'ocular' 'secretion' 'thyroid gland' 'testis']	0.402581466522	0.378287773592
wanted	['trusty' '#81941' 'adult male' '#77250' '#90297']	0.885911257296	0.722899253575
calling card	['calling card' '#159822' '#20455' 'priceless' '#59458']	0.509867666103	0.589362224408
#18588	['#18588' 'aphid' '#17246' '#145967' '#21605']	0.445973584448	0.541874656444
#41303	['#49083' 'surface tension' 'red phosphorus' '#41303' '#65128']	0.405326242151	0.400927046453
#96679	['breech block' '#12799' 'sieve' '#183945' 'give off']	0.548714334889	0.488633655054
ostrich	['fowl' '#35309' 'beef' 'vertigo' '#35471']	0.612286022269	0.550641466642
#151546	['grain size' '#48988' '#24617' '#154163' 'cell membrane']	0.478852658706	0.471024523823
fallen	['#82542' 'humble' '#62197' '#3034' 'hero']	0.846465189341	0.579158162946
#15798	['#19236' 'suction' 'printed circuit board' 'activator'
 'sodium bicarbonate']	0.532022933275	0.514782711245
industrial	['input' 'emission' 'disseminate' '#78652' '#200362']	0.75034577357	0.662279923111
#69795	['#92602' 'embarrassing' 'genius' 'devout' 'magnificent']	0.70499375102	0.619265941827
#96198	['gastrointestinal' 'nutritive' '#62764' 'immunological' '#98067']	0.568851998889	0.500442530076
sympathy	['#19' 'endure' 'brutal' '#88387' 'feeling']	0.717117751458	0.515140964437
#44461	['e-mail' '#29110' '#44461' '#121337' 'revitalization']	0.74323692692	0.733988129271
scent	['inorganic compound' 'capillary' 'ketone' 'benzyl' 'sodium bicarbonate']	0.775458408268	0.568280463968
protectionism	['#30624' 'dark' 'lock' 'artificial' 'lb.']	0.700052961351	0.597448449589
ancient	['ancient' '#18159' 'monument' '#87587' '#135262']	0.382601206093	0.526444704417
ministerial decree	['#34796' 'domesticity' '#157981' '#28397' '#41244']	0.829328242459	0.70152869038
district	['#22034' '#21985' 'formulation' 'idea' 'armed forces']	0.836428282326	0.693770865787
provenance	['precious metal' '#78944' '#64643' '#57669' '#34824']	0.752749878775	0.636803865787
#191510	['#1298' 'universit\xc3\xa9' 'panther' 'scout' '#1901']	0.667108137461	0.64824291573
#65173	['#65173' 'obviously' '#39392' '#65919' '#142430']	0.305132416511	0.511572256943
#28126	['#28126' '#995' 'tile' 'facade' '#73388']	0.477517014075	0.58628334908
#192080	['felicity' 'extravagance' '#22107' 'pipe dream' 'adornment']	0.638476048392	0.506316549672
#38693	['submit' '#38693' 'conference' '#29545' '#29968']	0.671460306437	0.667239085529
#30106	['#45343' 'adulterous' 'join in matrimony' 'blood relationship' '#89209']	0.564977967665	0.55273622926
#59285	['vapor' '#48789' 'red phosphorus' '#49047' '#63796']	0.675017868845	0.580099274263
get into	['get into' '#139291' 'all the time' '#74625' 'voracity']	0.347828313219	0.506783237435
#125333	['#125333' '#137702' '#124262' 'adherent' 'cosmopolitanism']	0.47017359702	0.549336299786
make the grade	['photon' '#28234' 'magnetism' '#20719' 'sonar']	0.804208536762	0.616325258214
#34695	['subjective' '#149441' 'atrophy' '#197640' '#115610']	0.79790908132	0.684348854508
legal document	['legal document' '#153351' 'disputable' 'pre-existence' 'native land']	0.578393928587	0.604510238363
#64978	['personalization' '#190273' 'biosensor' 'laminate' 'corrosion-resistant']	0.710645043164	0.655024854535
#158098	['consultation' '#191513' 'good' '#68653' '#60400']	0.760940533563	0.724534243827
venture	['venture' 'speculation' 'manoeuvre' '#1581' '#57537']	0.386658518604	0.578413210747
send up	['protrude' 'turn on' '#19628' 'timing device' '#33929']	0.507869066214	0.45319607965
nucleic acid	['nucleic acid' '#64485' 'suction' 'sodium bicarbonate' 'biosensor']	0.444079592714	0.476893108687
clean energy	['clean energy' '#288939' '#135267' '#181250' 'wind turbine']	0.461376746343	0.523507263425
photolithography	['pressure switch' 'printed circuit board' '#49083' 'sodium bicarbonate'
 'metabolise']	0.612578681151	0.514475319001
clip	['#30465' 'telecast' 'film clip' '#70089' 'talk show']	0.567032144502	0.55489059929
road accident	['road accident' '#199826' '#1174' '#120537' '#317490']	0.340776257972	0.458285314322
#149905	['print' '#94158' 'printed' '#115538' '#149905']	0.631266582426	0.608794526594
#197118	['framed' '#87413' 'ponder' '#48704' 'warm-up']	0.863342604648	0.58171998977
free market	['#72736' '#193503' '#22498' 'trumpet' 'millionaire']	0.732548915181	0.635180429915
#43646	['battle' 'eye' '#18493' 'aggressive' '#97197']	0.799505515624	0.617012972375
#61575	['#61575' '#88301' '#72351' 'perforate' 'thorax']	0.394022100724	0.401696792922
laden	['#168652' 'deform' '#48983' '#20823' '#18196']	0.507086723313	0.468948620871
self-defense	['repugnancy' 'civilised' '#42274' 'ensign' 'disputable']	0.748383951107	0.674363564424
schoolmaster	['schoolmaster' 'government servant' '#39457' '#46261' '#38280']	0.558002252686	0.576044357925
#18603	['#18603' 'observatory' 'van' 'thrust' 'general agreement']	0.408108088679	0.526450333802
#310617	['air station' 'subsidence' '#200485' 'aqua' 'runoff']	0.624611007411	0.501648206054
self-injury	['state of mind' 'intersexuality' 'offending' 'modesty' '#4615']	0.805462650961	0.693564479136
#24506	['geometry' 'pro forma' 'default option' '#49054' 'sphinx']	0.831230691374	0.691026085434
#200358	['verbatim' '#200358' 'shortly' '#94158' 'henceforth']	0.662955896476	0.686777929914
#283596	['subsidence' 'lightning' '#67987' '#49101' 'cold wave']	0.731401713279	0.490808400713
ethnographic	['antique' '#78944' 'wall painting' '#15221' 'tasting']	0.871188904233	0.636818775023
film producer	['brandy' 'copywriter' 'seamstress' '#304339' '#83571']	0.762685055055	0.698075539646
#84184	['sketchy' 'simplistic' '#93643' 'objectionable' '#92628']	0.662806841605	0.524862947871
#4064	['#28234' '#58442' '#201144' 'measuring instrument' '#18093']	0.639183702039	0.528895788245
delve	['#16686' 'exaggeration' 'tiresome' 'unavoidably' '#27434']	0.977877279473	0.676587300665
#68722	['base' '#68722' 'form' 'technical' '#77515']	0.627417459429	0.648423902305
measured	['cytochrome' 'photochemical' 'mitochondrial' 'metabolise' 'trophic']	0.627302708922	0.556580691366
armrest	['#13170' '#17176' '#14733' 'hose' '#147716']	0.532486342843	0.497909841898
#326298	['#326298' 'cotton plantation' 'fowl' '#5412' '#46557']	0.357123814327	0.445188960701
spaceflight	['#28234' '#225498' '#25399' '#41214' 'geometry']	0.795838686822	0.559363260923
divestiture	['divestiture' 'apparel industry' '#37102' 'soft drink' '#58906']	0.389015612941	0.521676678678
amphibian	['#78247' 'aquatic plant' 'amphibian' 'mollusc' '#9147']	0.290105985899	0.292719785263
bedclothes	['#196350' 'vegetarian' '#75672' 'seasoning' 'finishing']	0.801384687561	0.654635599461
#84071	['#84071' '#84253' 'sure' '#1679' '#147172']	0.368551411265	0.585301136919
#80998	['#80998' 'air force' 'colonel' '#43271' 'plane']	0.328094082057	0.479116270172
#285259	['penumbra' 'postulate' '#31042' '#285259' 'universalistic']	0.627811113924	0.619672373014
#58239	['free radical' 'xenon' '#63087' '#58300' '#196554']	0.667358492603	0.610503448741
#308668	['ix' '#93744' '#164516' 'benthic' 'estuarine']	0.726473538055	0.703567197117
sexist	['sexist' '#82935' 'sexism' '#4753' 'stereotyped']	0.56435353823	0.60744693613
#68831	['#68831' '#75457' '#27810' 'hide' 'invalid']	0.611339591702	0.622624326523
acrylonitrile	['#64200' 'copolymer' 'acrylonitrile' 'sodium bicarbonate' '#65134']	0.356896654699	0.362581980712
#160374	['#160374' '#67629' '#19743' '#14733' 'ripping']	0.45517547305	0.47348799111
herbivorous	['herbivorous' '#8769' '#83091' '#83089' '#8411']	0.286517515296	0.310984238174
#89194	['tout' '#159332' 'cabal' 'finale' '#45476']	0.737537130341	0.583636409961
planted	['#91676' 'felling' '#39451' 'shrub' 'woodland']	0.745498575387	0.544111978361
unilaterally	['cap' 'activate' '#166828' '#366' '#73220']	0.755794745259	0.64805860986
#85038	['#92875' '#76856' 'manoeuvre' '#80998' 'forestal']	0.867237872642	0.680128815475
uncontested	['litigate' 'laughter' 'writ of habeas corpus' 'proverb' '#30170']	0.791054165843	0.673122962323
#27530	['#122065' '#96689' '#34883' '#317519' 'senior high school']	0.734422157495	0.711216486769
#76340	['detractor' '#44711' '#24987' '#151327' 'geometry']	0.783082636238	0.684276498849
#98677	['#179513' 'solar battery' 'radial' '#14938' 'conductivity']	0.5889760511	0.542301855727
#186952	['recta' '#67892' '#62716' '#17030' 'pig farm']	0.869978724557	0.695975856224
#29785	['#159332' 'genius' '#82542' '#42279' 'awakening']	0.684805975707	0.617389135842
have sex	['have sex' 'sexually transmitted disease' 'sexual partner'
 'sexual relationship' '#202328']	0.539723842464	0.587324299168
theft	['theft' '#3162' '#76215' 'robbery' 'motor vehicle']	0.313676307848	0.43855835903
bisexual person	['#187480' '#45991' 'minimalist' 'homo' '#3090']	0.672813034202	0.625803869212
endless	['endless' '#89396' 'incantation' 'tiresome' 'vain']	0.234751978109	0.400785312624
reveal	['usually' 'rely' '#192899' 'instead' '#89394']	0.555938600991	0.523058853309
seminarian	['acupuncture' '#2889' '#185102' 'suction' '#147974']	0.782059151398	0.64225912724
#45815	['#45815' 'labourer' 'cultivate' 'tenant' 'arable land']	0.348140937015	0.534630472307
#305229	['civil lawsuit' '#148031' 'principle of contradiction' 'free pardon'
 'power of attorney']	0.978286248885	0.578893176259
tanker	['tanker' '#327028' 'ton' '#72549' '#63150']	0.272422180864	0.418821332324
#169696	['obstructionism' 'insuperable' 'gimmick' 'inexactitude' '#77807']	0.874826638276	0.636047562292
#85103	['#85103' 'determining' 'defining' 'determinative' '#85415']	0.378356593081	0.506161182411
#33842	['#33842' 'negative condition' 'animate' '#139720' 'tiresome']	0.37657819195	0.553601649876
irradiation	['irradiation' '#133262' 'immunological' 'immunosuppression' '#61390']	0.36723592773	0.492924654351
naturalness	['#96428' 'all in all' 'felling' 'exotic' '#121751']	0.724075909206	0.62526174877
#4	['#14393' 'inner courtyard' '#61881' '#96967' 'ovary']	0.707536302255	0.600702920013
oceanic	['#71373' 'sea water' '#67629' 'overlying' '#37159']	0.595985485437	0.502913721219
ostensible	['ostensible' '#73948' '#170691' 'trickery' '#149644']	0.374439640791	0.472093926402
#85407	['#85407' 'trees' 'tree' 'watershed' 'damaging']	0.396588787088	0.530054142696
#29627	['#58367' 'feedback' '#29627' 'bureaux' 'concise']	0.711883562692	0.711498165897
#120867	['#120867' 'volatile oil' 'refiner' '#223019' '#98781']	0.44758681459	0.578277681903
limelight	['#79500' 'impatient' 'pawn' 'squander' 'weary']	0.856646924553	0.650442605778
#201997	['#26162' '#35352' 'pharynx' '#8411' '#122113']	0.631217618092	0.469624894241
#4744	['#4744' 'promotion' 'discrimination' '#25029' 'equality']	0.608946091343	0.662593443801
denomination	['denomination' '#37783' '#97748' '#122674' 'catholic']	0.449433195702	0.531396641196
#192859	['#167511' 'verdict' 'nonetheless' 'unlike' '#68907']	0.838719889533	0.652778081786
#305073	['#165194' '#10216' '#57674' '#43502' 'bead']	0.723357341965	0.582769718746
butane	['butane' '#63145' 'kerosene' '#63157' 'seasoning']	0.406695024107	0.449544844553
shaman	['#25980' 'oxyacetylene torch' '#26744' 'saliva' 'prepuce']	0.600992907045	0.581794945529
#14379	['row house' 'air-conditioned' 'curved' '#94342' 'balcony']	0.806711807734	0.588350563221
comb	['comb' '#71795' 'sew' '#21975' 'plaster']	0.376210693909	0.468172824376
reaction	['desorption' 'thyroid gland' 'photochemical' '#26400' '#58318']	0.84440959719	0.637796129467
#221500	['#124262' 'xenophobe' '#31627' 'dope' 'fascist']	0.954048697115	0.629894563462
circumstantially	['circumstantially' '#148601' 'unknowable' 'relational' 'one-dimensional']	0.41868305837	0.546931494613
hand grenade	['#16744' 'detonate' 'grenade' '#67338' 'anti-tank']	0.772036944672	0.544607112273
#151659	['ejaculation' 'otherness' '#75373' 'submissiveness' '#34540']	0.676706810998	0.635070227762
eggplant	['caterpillar' 'aubergine' '#10677' 'broccoli' '#35741']	0.653701185985	0.522106855999
#141372	['suction' '#64944' '#49083' 'isocyanate' 'surface tension']	0.515621530692	0.5043917827
#13752	['#13752' 'boomerang' 'sordid' 'science fiction' 'adornment']	0.372424440442	0.469533278324
#149096	['#176526' '#17136' 'quiescent' 'topple' 'pump house']	0.727209439409	0.664662036619
#131626	['#317354' '#137129' '#44316' 'basilica' '#319769']	0.630227987602	0.59181031614
#226082	['mix up' 'natural law' '#39603' 'sanctify' 'disappearing']	0.793361376243	0.70772574145
psychological science	['inc.' '#19957' '#305370' 'resister' 'energy society']	0.777880056441	0.666431068125
water quality	['#24798' '#62535' 'watershed' 'emigration' 'worsening']	0.773348305705	0.654514789425
building worker	['#178799' 'construction worker' 'carpenter' 'waiter' 'fall off']	0.685271752009	0.623964533198
geological	['#63872' 'flow rate' 'co-management' 'hydrodynamic' '#23924']	0.729047132825	0.644565292033
#193805	['#197823' 'quartz' 'capillary' 'altering' 'heron']	0.801229424189	0.670953584661
#85717	['#144556' 'sea water' 'salt water' 'overlying' 'subsidence']	0.841346768283	0.690577271394
burial ground	['graveyard' 'public square' '#20399' 'main street' 'abattoir']	0.704168502547	0.544204562671
reindeer	['cattle' '#72952' 'hunting' 'landfill' 'forested']	0.751578251284	0.581160392132
income tax	['income tax' '#57374' '#1455' 'deduction' 'levy']	0.42600132434	0.514269595733
#24745	['#37159' 'immiscible' '#37156' '#72766' '#19021']	0.784861662431	0.67346200009
#82665	['#68766' 'waste' 'utilize' 'collection' '#76092']	0.900440077207	0.690601848121
concerning	['establishment' 'concerning' '#4863' '#99725' 'purpose']	0.663683122568	0.675656629021
cleave	['#62727' 'summer solstice' '#155762' 'adhesive tape' 'sluice']	0.728555817824	0.644082080974
#39223	['oil industry' '#63679' '#49120' 'fruit fly' '#18630']	0.966486791461	0.651669869289
merchant vessels	['merchant vessels' '#24010' '#86536' 'stow away' '#41358']	0.488154834513	0.585208687646
#477	['electrocute' '#94342' '#71942' '#25483' '#66182']	0.792474274436	0.459635544962
captivity	['mutilate' 'mutilated' 'captivity' 'disown' '#76187']	0.613217774065	0.611288463432
#80800	['#138042' '#64424' 'sulfur dioxide' 'trioxide' 'suction']	0.776564624131	0.603325944652
#11911	['#11911' 'ling' 'grenadier' '#12457' 'horse mackerel']	0.405374245139	0.461267628427
#14405	['#174734' 'fall' '#46861' 'reformatory' 'detention home']	0.949593111655	0.647375541726
#45265	['#117264' 'design engineer' '#16669' 'gold mine' '#63081']	0.826476700757	0.657213623653
horseshoe	['horseshoe' 'toaster' '#15807' 'awning' 'wardrobe']	0.528321362086	0.545902851772
#45916	['oral presentation' '#79980' '#33175' '#275131' 'untiring']	0.902176009879	0.738028985985
#91724	['#91724' 'foreseeable' 'inevitable' 'unavoidable' '#89237']	0.35375979199	0.471044545051
#94641	['susceptible' '#62501' '#61073' 'feedstuff' '#64682']	0.696382189793	0.613635812429
#153074	['#326713' 'osmosis' 'current price' '#58321' 'apt']	0.891519069429	0.634095674745
#124196	['industrial worker' '#155166' 'blue-collar' '#171986' '#46869']	0.910411195584	0.691628775951
#75813	['#42839' 'supplies' '#92598' 'good person' 'hinder']	0.708207571028	0.682600111587
layoff	['#870' 'lay-off' '#171986' 'industrial worker' 'construction worker']	0.765345415344	0.557277209261
unearned	['#24744' 'gratuity' 'squander' '#57313' 'earned']	0.730622478045	0.587388647071
bring about	['reversal' '#165709' 'inevitable' 'pain' 'inevitably']	0.844318377644	0.571123282593
#62945	['#62945' 'emit' 'fourteenth' '#93740' '#63810']	0.619194213245	0.66356318573
#62941	['ketone' '#293841' '#62778' 'inorganic compound' '#64319']	0.491955909775	0.44897817253
rib	['#61668' 'haematoma' 'eyelid' 'abdomen' 'thorax']	0.38092874116	0.320818984014
fame	['poetic' '#82542' 'seer' 'genius' 'finest']	0.813875431078	0.601724667004
cremation	['cremation' '#42505' 'coffin' '#21605' 'graveyard']	0.352229918823	0.505381074623
#83949	['#83949' 'proportionate' '#22612' '#90449' '#91342']	0.336237514813	0.49799211565
#4445	['#58824' '#93732' '#57189' 'identification' 'shoplifting']	0.831877213402	0.743510959089
#98012	['invader' 'colonisation' 'covet' 'collectivization' '#38546']	0.857858729273	0.688760105657
#30626	['rely' 'nearly' '#277810' '#544' '#192633']	0.802335470953	0.650438054124
#95412	['#173098' '#178201' 'reclaimable' '#62813' 'second-hand']	0.854358053811	0.57775098632
#47010	['titan' 'burn out' 'clutter' 'snuff out' '#49045']	0.813168589343	0.682884986092
#84563	['#91255' 'ageless' 'impatient' 'immeasurable' 'beguile']	0.765135061335	0.603422351917
#1243	['#317595' 'bp' '#95263' '#155127' 'glider']	0.778375602497	0.636026548433
sterilized	['ointment' '#26349' '#17288' 'artificial respiration' '#3370']	0.897195386216	0.593625750009
mountain chain	['#160016' 'apache' 'abut' '#42935' '#48988']	0.76298435592	0.486983630848
reporting	['reporting' 'planning' '#191380' '#87586' '#27728']	0.684877401413	0.70119833724
sauna	['karaoke' '#18868' 'eating house' '#71004' 'motel']	0.625112557054	0.520527169036
colouring	['#36606' 'sew' 'seasoning' 'confectionery' '#159822']	0.8412942299	0.525992598827
#149259	['#18750' '#66177' '#11236' 'thatch' 'coyote']	0.749700862003	0.576312185657
earmark	['set aside' '#268386' 'seed capital' '#4588' 'absorbing']	0.8232003335	0.741410777041
center	['center' '#129122' '#118593' 'maternity ward' 'cr\xc3\xa8che']	0.605827126048	0.619152544892
magnetics	['#48784' '#280782' 'electron' 'echo sounder' '#24617']	0.696186842704	0.52056127662
#135467	['bone of contention' 'anodyne' 'coincidental' 'deflated' 'debasement']	0.769831566582	0.603552466976
#317462	['adoptive' 'parental authority' '#48053' '#317462' '#47575']	0.461930804483	0.460493261222
#1019	['carpentry' '#62656' '#2555' 'sewer' 'rolling mill']	0.820986776915	0.61204868777
#68009	['#68009' '#186227' '#68518' '#15385' 'bewitch']	0.320884223265	0.456670878519
#93789	['#93789' 'controversy' 'load' 'triple' 'negligence']	0.320808093066	0.523244744163
#43807	['paediatrician' '#43807' 'gynaecologist' '#45400' 'general practitioner']	0.341016163204	0.34573919061
bananas	['#53868' 'honey' '#37117' '#35309' '#37118']	1.01941371393	0.520972838787
#48094	['wet nurse' 'parturient' '#169010' 'expectant mother' '#48094']	0.542454497871	0.533993855571
#9658	['caterpillar' 'belly' '#9177' '#10677' 'peregrine falcon']	0.580698724655	0.5318793521
#200257	['#200257' 'overnight' 'queue' 'whole thing' 'schoolhouse']	0.32880122175	0.500419605229
#73770	['#2053' 'determinant' '#73833' 'familiar' '#69040']	0.792022959138	0.62249511481
antichristian	['#19021' '#48988' '#168652' 'oscillator' '#73107']	0.689263774929	0.569473160278
miniscule	['miniscule' '#89122' '#24744' 'just about' '#4705']	0.341047025167	0.467974774105
sport facility	['sport facility' '#199568' 'swimming pool' 'boutique' 'footpath']	0.501780392876	0.514901995718
#78666	['marriage ceremony' '#78666' 'given name' '#29303' '#43333']	0.580117059161	0.600838995207
#178134	['#178134' 'incomparable' '#89274' '#30564' '#125903']	0.407596751642	0.587499881398
ease	['#155652' 'unfortunate person' 'femur' 'suffocating' 'temporary']	0.74157175169	0.71153130092
mobile phone operator	['#37458' '#50570' '#14957' '#950' '#24010']	0.74664637452	0.668886861436
#215118	['#215118' 'further education' 'gifted' 'grammar school'
 'vocational school']	0.581283133391	0.600391033523
shout	['yell' 'make fun' 'police car' 'buss' '#160003']	0.737981004068	0.570108032556
decompression	['#96813' 'nutritive' 'neuronal' '#68290' '#98067']	0.646965174048	0.597692591474
exhibition	['exhibit' '#175054' '#34255' 'celebration' 'sports']	0.68032117489	0.67415568187
#46121	['unemployment' 'road' '#66557' 'grow' 'spread']	0.766044696027	0.61440866182
transformation	['#32457' '#59728' 'transformation' 'prosperity' 'diversification']	0.665386699648	0.661207209118
oral exam	['#211055' '#18267' '#154163' '#20035' '#13507']	0.718166999931	0.647673043078
hunt down	['#64263' '#67175' 'raging' 'wear out' 'frost']	0.98230232641	0.574030366872
punctual	['#83934' 'reiterative' '#85468' '#139720' 'tiresome']	0.788094415351	0.632984194155
archeological	['#78944' 'archaeological site' '#39192' '#151338' 'archaeological']	0.715488093872	0.551320646085
observation post	['#13332' 'fence' '#39552' '#16062' 'barracks']	0.82063077893	0.572456735038
#67837	['#74289' '#186229' '#13170' '#88301' '#14971']	0.482025900621	0.44652491827
five	['how' 'reach' '#48637' '#134549' 'target']	0.712794483064	0.650759453793
#1834	['#1833' 'athlete' '#98785' '#74613' '#4255']	0.790169528584	0.600388735686
immediately	['#76526' 'beginning' 'university' '#21985' '#71230']	0.751749720927	0.606015923153
antiseptic	['antiseptic' 'suction' '#15088' '#12975' 'sodium bicarbonate']	0.39133854499	0.418803813189
rear	['#45160' 'abandoned child' 'foster child' '#317462' 'parental authority']	0.637232118298	0.592510278739
#33610	['pierce' '#85065' '#68486' 'divider' 'fall down']	0.560699446344	0.532602192063
gatehouse	['#165194' 'parking lot' '#133070' 'caulking' '#995']	0.868832639028	0.524377500032
supernumerary	['#132413' '#150358' '#192437' 'auction house' 'vermiculite']	0.886135032086	0.737275548358
multicultural	['#30358' '#42734' 'black' 'white' 'sensitivity']	0.726546556974	0.692739237063
securities	['#303930' '#162841' '#57084' 'foreign exchange' 'liquidity']	0.836997296968	0.603431288895
#64336	['#57935' '#48988' 'prevailing wind' '#58195' '#67629']	0.536619977237	0.497660632221
#30559	['#30721' '#32154' 'television network' '#32159' 'radio channel']	0.8493974034	0.651271780509
adversity	['adversity' '#33757' 'endurance' 'insurmountable' '#84440']	0.338756673055	0.48692046127
#95911	['#71477' 'goggles' 'fastening' '#16662' '#14733']	0.629482980906	0.536753637975
delegation	['submit' '#38693' 'only' '#29968' '#47006']	0.801551822206	0.681887411537
#58527	['#221054' 'biosensor' 'sodium bicarbonate' '#192437' '#64398']	0.649382157511	0.637677983471
#78201	['#78201' 'cloth' '#63729' '#64010' 'steel']	0.28024791419	0.407355815276
character reference	['character reference' 'mating' '#588' 'numeric' 'ethno-botany']	0.661330758265	0.694967851756
computer screen	['by hand' 'turn on' '#19439' 'connector' 'microscope']	0.626993618059	0.589868404081
tadpole	['tadpole' '#11606' 'metabolize' '#35352' 'cormorant']	0.234545836158	0.286954573462
outgo	['#87642' '#33652' 'refractive index' 'reflector' '#72861']	0.604845125638	0.540429895787
#124497	['luxury' 'indulge' 'apt' '#97352' 'profusion']	0.896864790702	0.710478502069
#18321	['#21605' 'moulding' '#282649' '#995' '#2900']	0.667161210979	0.492309954631
intravenous	['#58168' 'artificial respiration' '#26349' '#3370' '#36670']	0.639827276426	0.560586924869
run	['#69964' '#73234' '#1153' 'short' 'again']	0.710185947374	0.687580567223
#59348	['#183048' '#156109' 'infant' 'pre-school' '#91795']	0.808125328838	0.688426034879
judgement by default	['judgement by default' 'marriage ceremony' 'imprescriptible'
 'non-retroactivity' 'positive law']	0.547034717674	0.569391205097
#93582	['#25414' 'cortex' '#7852' 'body mass' 'hyperplasia']	0.568172953121	0.503040902341
host	['exist' 'similar' 'outside' '#898' '#93500']	0.916898004198	0.692925559367
uncivilized	['uncivilized' 'arrogant' '#149644' '#16830' 'vile']	0.39477403967	0.494963044825
television show	['#30456' 'feature film' 'film clip' 'television show' 'television series']	0.560894906992	0.543633376075
city hall	['main street' 'casbah' '#20399' '#18016' 'set ablaze']	0.864913666001	0.596778025429
#316429	['#28234' '#94702' '#313038' '#41214' 'geometry']	0.681711470402	0.559627319137
dictated	['dictated' 'disorient' 'absolutist' 'sens' '#82946']	0.422458777566	0.546668213042
firing	['firing' '#4007' '#19884' '#849' 'shooting']	0.33648286244	0.479021568195
foil	['foil' 'cool down' '#62013' 'baffle' '#156153']	0.418100750633	0.546083520195
#88034	['queer' 'transvestite' '#47866' 'gay man' '#133090']	0.801198549049	0.633918544182
mental deficiency	['mental deficiency' 'epilepsy' '#26874' '#60842' 'spastic']	0.367749840039	0.380371930145
cooperative society	['beer' 'property tax' 'wine' 'vinegar' '#182109']	0.854731238977	0.639383788293
#45424	['oscillator' 'deform' '#75459' 'lid' 'dazzling']	0.59371977903	0.569859507153
#85414	['#85414' 'notional' '#86059' 'all-or-nothing' '#133340']	0.373723613043	0.556943834053
sept	['pendant' 'circa' '#79751' 'margarine' 'eraser']	0.881523272513	0.647074902741
#190337	['#190337' 'horn' '#294045' '#1640' 'neighbor']	0.553961907064	0.566466019207
deafness	['epilepsy' '#60842' '#62678' 'spastic' 'deafness']	0.421927686646	0.401768124995
#177650	['#177650' '#36001' '#51789' '#53868' '#36013']	0.331758954759	0.427450959141
social service	['#181275' 'lie' '#1310' '#142193' 'transportation']	0.677739997589	0.626710608871
stabilisation	['#84999' 'endowed' '#78723' 'stabilisation' 'undiversified']	0.66570355004	0.652183013821
#192246	['current affairs' '#205660' 'soap opera' 'docudrama' '#30456']	0.826678479093	0.619084375177
renewal	['#5151' '#24805' 'fixture' 'lengthening' '#4123']	0.762464249922	0.666624537817
#116039	['#34067' 'avalanche' '#48656' 'frost' 'subsidence']	0.783133304743	0.590123968255
preferment	['free pardon' 'exigent' 'misprision' 'favouritism' 'preferment']	0.647511482088	0.63340287044
#29033	['termination' '#48796' '#121350' '#4805' 'renew']	0.866643831171	0.770750734591
galvanize	['#63335' '#71490' 'refined' '#210738' 'climate change']	0.81622683367	0.718320127208
dynamite	['#16806' '#67175' 'graveyard' '#37212' 'suction']	0.640553354828	0.561433128481
artificial intelligence	['#140135' 'radiometer' '#113510' 'sonar' '#282385']	0.585130711647	0.515712278467
#174400	['#48983' '#20574' '#18295' 'canalization' '#75695']	0.751581931597	0.669882677161
#159174	['#178869' 'cardinal point' 'distinctiveness' 'conceit' '#37577']	0.836606476092	0.675177990191
#144597	['#28470' '#316107' 'biochemistry' '#28430' '#181301']	0.843439106672	0.726998963434
#27708	['#27708' 'subjective' 'vague' '#172854' 'unlimited']	0.332785969684	0.537655524198
#143388	['sober' '#33668' 'ponder' '#33554' '#46222']	0.692636136962	0.642354878858
#97755	['#97755' 'cemetery' '#128593' 'orthodox' '#39127']	0.491469251539	0.589204300873
prawn	['aphid' 'caterpillar' '#8769' '#10677' '#35352']	0.452327297048	0.39904880107
#33126	['vehemence' '#98051' 'tidings' '#92518' 'eloquent']	0.715563294471	0.640562908441
#43163	['#43163' '#43192' '#19' '#82690' 'elite']	0.428968687654	0.56477847231
injection	['#1589' 'manoeuvre' '#12745' '#25980' '#12924']	0.724805997841	0.583458189442
#159672	['throttle' '#66150' 'rubbing' '#72488' 'frost']	0.65674413878	0.580880277916
#182495	['#35343' 'confectionery' 'slaughterhouse' 'sew' '#36612']	0.770561518063	0.573275185202
#306234	['plutonium' '#63006' '#73011' 'nuclear power plant' 'uranium']	0.803820415172	0.68244306312
church building	['abattoir' 'wall painting' 'graveyard' '#21301' '#212603']	0.756407107343	0.615232684658
#192693	['endure' 'sacrifice' 'brutal' '#91997' '#88387']	0.788240550721	0.669813991355
wholesale	['wholesale' 'retail' '#4578' 'beverage' '#36848']	0.306380809566	0.425885360701
spleen	['testis' '#8411' '#9177' '#63341' 'testicular']	0.517476209894	0.412682382649
jackhammer	['jackhammer' '#12818' '#20986' 'turret' 'backhoe loader']	0.436908220861	0.473954977086
fried	['#64944' 'aphid' '#154163' 'caterpillar' 'heron']	0.601037740645	0.527318639142
propaganda	['propaganda' '#78567' '#87292' '#31620' 'winger']	0.446315681578	0.606457687122
#36966	['#10677' '#36966' 'feather' 'caterpillar' 'wasp']	0.517429731245	0.523830994125
#37509	['#84617' 'sexual relationship' 'porno' '#173920' '#37509']	0.671106330144	0.661500823405
#186606	['xenon' '#186606' '#154163' 'pigment' 'inorganic compound']	0.443800100628	0.447847744541
#72468	['aboard' '#71373' 'sneak' '#4542' '#150001']	0.880601272514	0.607102717874
#79160	['#79160' 'sash' '#995' 'decorate' '#73388']	0.35524633751	0.435761622502
#85687	['renewable energy' 'catalyse' '#48670' '#57584' 'urbanization']	0.788666692096	0.716637496324
#117501	['#82580' '#84406' 'pollutant' 'air pollution' '#73997']	0.730681504794	0.677203511256
#77497	['#77497' '#150911' 'tactics' 'toll' '#83036']	0.384056301558	0.523200444134
father-in-law	['aunt' 'uncle' '#47911' 'nephew' '#43786']	0.843744960188	0.507090381787
ameliorate	['relax' '#33757' 'bearable' 'peculiar' 'troubled']	0.859740471938	0.700590430794
#44447	['come down' 'mighty' '#97160' 'roughshod' '#98220']	0.688555944395	0.643372042126
#46535	['#46535' 'patriot' 'tout' 'hero' '#43502']	0.434512968175	0.515983828096
biochemistry	['immunological' '#63391' '#63341' '#3490' 'cyanobacteria']	0.575114251265	0.544152968558
diplomatic note	['#4542' 'oil rig' 'hamam' 'pier' 'territorial water']	0.864357999072	0.64046051631
#45829	['#43121' 'protestant' '#43103' '#43127' 'buddhist']	0.716117997643	0.60183997507
#87374	['#87374' 'underemployed' 'jobless' 'part-time worker' '#42902']	0.349749343075	0.47156141484
vanquished	['cosmopolitan' 'lace' '#43502' '#72628' '#47142']	0.646939759062	0.643016524288
#87377	['#91695' 'paper' 'introduction' 'presentation' 'detail']	0.92762270754	0.674468156529
papers	['strip' '#212128' '#73284' 'revocation' '#89209']	0.829196299403	0.690901056701
acidification	['bleaching' 'subsidence' 'evaporation' '#311487' 'thermohaline']	0.756849493929	0.588994336653
#39688	['#39688' 'building site' 'outbuilding' '#212656' 'unoccupied']	0.257073380482	0.384427287007
#81699	['intercourse' 'sodomy' 'carnal knowledge' '#3449' 'sexual intercourse']	0.581453627646	0.524116851094
switch off	['assembly line' 'gyroscope' '#2583' 'spectra' 'cryogenic']	0.623712441409	0.545141673767
#85051	['#156941' '#46962' 'landing' 'expatriate' '#194765']	0.793667501149	0.609237138424
genealogical	['grandson' '#47370' 'aunt' 'biological father' '#43786']	0.618363505017	0.580061577664
#87080	['#87080' 'incantation' '#88961' '#94254' 'harbinger']	0.381376680193	0.513630903368
#166725	['stench' '#74289' '#14971' 'fall down' 'gush']	0.564017761342	0.536813672803
ghost	['#33030' 'set free' 'pitiful' '#93148' '#130527']	0.643150638648	0.609180978792
#15398	['#48849' '#146720' '#120924' 'rock formation' '#115504']	0.762314204937	0.667741340996
#90901	['perforate' '#13431' 'wrap' '#59481' '#71583']	0.516212343733	0.425193987073
#32529	['#32529' 'genius' '#82542' '#149644' '#47152']	0.421270097188	0.579687681283
exigent	['exigent' 'exacting' '#67090' 'evenhanded' 'resonant']	0.312782258037	0.497215586036
heath	['family doctor' 'heath' '#219628' 'home care' '#139031']	0.560806618315	0.581696149083
#78966	['#27537' 'orbital' '#98088' '#29391' '#420']	0.914251751838	0.592831676674
#23705	['indubitable' '#92761' '#85468' 'troublesome' 'simplistic']	0.731515880612	0.608108950463
#950	['deducible' '#183202' 'possessory' '#45854' 'imprescriptible']	0.877534942737	0.651522368439
#95409	['risk management' '#197767' 'feedback' '#94750' 'addendum']	0.777399987632	0.686886409324
#147256	['tempering' 'lime' '#305753' '#56361' '#58906']	0.806619421992	0.626480415485
