#61554	['#112738' 'trauma' '#112737' 'traumatizar' '#9157']	5	0.264926862618	0.313591116741
#74905	['sesi\xc3\xb3n' 'extraviar' '#54082' '#76786' '#33676']	0	0.856621789677	0.706407471162
deferment	['aplazamiento' '#99138' '#9182' '#219745' '#7273']	5	0.624859566612	0.629263466216
zing	['#102736' 'sari' 'sargento mayor' '#33063' '#228181']	0	1.20699637343	0.555131764271
appetite	['#3806' '#5885' 'insaciable' '#12884' 'avaricia']	0	1.02175065652	0.511130789463
radio beacon	['#209867' 'radiofaro' 'baliza' '#93701' '#209158']	4	0.507338471964	0.517503305738
#149322	['imprudencia' 'perversi\xc3\xb3n sexual' 'indecencia' 'infidelidad'
 'toqueteo']	0	0.695085150765	0.508675758558
#37298	['#68222' 'lino' 'cocotero' '#29235' '#216428']	0	1.13498987982	0.367876428179
overlying	['#221840' '#2134' '#208869' '#115900' '#207875']	0	0.749063339658	0.436413188024
#37886	['#30463' '#59897' '#226376' '#254624' 'accionista mayoritario']	0	0.910570953235	0.674112222391
#143316	['#200461' '#25736' '#25735' '#275263' '#77192']	0	0.888471509637	0.619551787396
#21495	['tienda de campa\xc3\xb1a' '#22989' 'choza' '#29067' '#23985']	4	0.283878429553	0.32391606288
#85292	['receta m\xc3\xa9dica' 'pr\xc3\xb3tesis dental' 'quiropr\xc3\xa1ctico'
 '#26252' 'psicocirug\xc3\xada']	0	0.917473693983	0.530748826182
#324	['seto' '#87007' 'pocilga' 'lava' '#58643']	0	1.13341174284	0.496553734474
agglomeration	['#201542' 'aglomeraci\xc3\xb3n urbana' '#73261' 'megal\xc3\xb3polis'
 '#3925']	0	1.03869356995	0.47939229084
#69825	['#93036' '#63915' '#28566' '#251184' 'interrogar']	0	0.478471552767	0.436565482519
vast	['superficie' '#61734' 'ingente' 'riqueza' '#7403']	0	0.619753307723	0.559866462316
#132357	['#203024' 'inspector general' '#314368' '#106802' '#245858']	5	0.229699030128	0.336268383364
marry	['#6942' 'casado' '#23402' '#32017' '#72460']	0	0.461795659856	0.280384928079
#93561	['autenticado' '#248506' '#126991' 'firmado' '#217566']	1	0.461193673086	0.432770719144
#193481	['#205890' '#315191' 'adi\xc3\xb3s' 'anhelar' 'pacientemente']	5	0.50970456588	0.532237103103
#173521	['#309436' 'misil de largo alcance' '#120134' 'bombardero' '#108190']	0	0.863434172597	0.499121688159
#77515	['#71152' '#47512' '#61938' '#64065' '#135676']	3	0.67267004562	0.671282532798
#28481	['zoolog\xc3\xada' '#117463' '#17726' '#203326' 'farmacolog\xc3\xada']	0	0.610045054244	0.47948518216
#97666	['#8506' 'antropol\xc3\xb3gico' '#105101' 'sociol\xc3\xb3gico'
 'antropolog\xc3\xada']	5	0.431784969543	0.47820821793
#59828	['simbiosis' '#104388' 'diversidad gen\xc3\xa9tica' '#104389' '#234299']	4	0.565263867585	0.573913576245
traveling	['#232392' '#309943' '#76581' 'sauna' 'motel']	0	0.823127387224	0.550198523529
#20640	['#74165' '#311117' 'hidrante' '#310986' 'ametralladora ligera']	0	0.483075648389	0.398119069487
#17429	['#210591' 'jeep' 'veh\xc3\xadculo militar' '#207661'
 'fusil autom\xc3\xa1tico']	5	0.381708038012	0.396775386947
#59730	['tri\xc3\xb3xido' '#252666' 'perclorato' '#204593' '#235121']	2	0.377631027711	0.375644838172
opaque	['opaco' '#80147' '#25814' '#120102' 'tensi\xc3\xb3n superficial']	5	0.41985726978	0.524226811305
#119879	['#207865' '#43472' 'documento oficial' 'formato' 'archivo']	5	0.349421375625	0.454096784549
#85738	['hinchar' '#206887' '#133320' '#50561' '#50967']	0	0.582170136342	0.489125450182
#33603	['sensacionalismo' '#103349' '#4954' 'alarmista' '#42328']	0	0.722219349981	0.52942347076
caffeine	['#56361' 'edulcorante' '#234263' 'code\xc3\xadna' 'margarina']	0	0.502298194908	0.430379585895
#78602	['#524' '#220763' 'proceso de fabricaci\xc3\xb3n' '#55250' '#22482']	5	0.313353202472	0.389548493664
#311424	['informaci\xc3\xb3n gen\xc3\xa9tica' '#203016' 'gen\xc3\xa9tica' '#54791'
 '#55668']	4	0.405736669187	0.434263014936
supplies	['#106721' '#898' '#94960' 'pieza de repuesto' '#121']	0	0.840948999696	0.413693084257
national debt	['#135450' '#315088' 'gourde' '#235474' 'd\xc3\xa9ficit presupuestario']	1	0.499586359956	0.494504336777
#23296	['precisi\xc3\xb3n' '#220512' '#31386' '#91287' 'sensor']	0	0.711406192875	0.486374381415
jet propulsion	['#321889' 'radiotelescopio' '#11732' 'espectrosc\xc3\xb3pico'
 'teledetecci\xc3\xb3n']	0	0.637260192554	0.51725996667
#58510	['#83746' 'nombre de pila' '#123951' 'patron\xc3\xadmico' '#247']	0	0.648452205165	0.567670738339
major power	['#58664' 'hegem\xc3\xb3nico' 'poder\xc3\xado' 'hegemonismo' '#58662']	0	0.777483583419	0.47784586165
#288788	['#93765' 'radi\xc3\xb3logo' 'onc\xc3\xb3logo' 'internista' '#68787']	0	0.723747207901	0.558042750881
exemption	['exenci\xc3\xb3n' '#67798' '#12778' '#63116' 'inmunidad']	1	0.453395014573	0.411664659461
noticeable	['#13943' '#13716' 'apreciable' 'marcado' '#68614']	0	0.981435032374	0.5330366881
repairman	['#23026' '#105267' '#87027' '#25638' '#68136']	0	0.570770195422	0.474246400414
guarantor	['#126558' 'fiador' '#70707' 'firmante' '#90343']	0	0.617783169105	0.448234197438
bot	['#53841' '#239771' 'leasing' 'factoring' '#51952']	0	0.901328704597	0.566502895301
#171698	['#37416' '#10814' 'esfumar' 'voltear' 'tumultuoso']	0	0.779214337126	0.534395844467
adopting	['adoptante' '#119409' '#217661' '#316349' '#83590']	0	0.794617980166	0.509370091491
gravimetric	['#56881' 'gravim\xc3\xa9trico' '#15399' 'alt\xc3\xadmetro' '#219124']	4	0.397277620806	0.41464149564
countervail	['dumping' '#44103' 'antidumping' '#233781' 'producto textil']	0	1.00615721896	0.619204625594
criticise	['#34798' 'lesa majestad' 'disentir' '#232788' 'comentarista']	0	0.608511684961	0.588373244143
#71213	['#54126' '#222151' 'pervertir' 'reaccionario' 'pose']	0	1.06462188457	0.575297808415
recording machine	['archivador' 'm\xc3\xb3dem' '#42138' 't\xc3\xb3ner' '#71491']	0	0.731315295549	0.549194936501
#60627	['#7818' 'anestesia' '#7816' 'anest\xc3\xa9sico' '#44383']	3	0.409870051456	0.410199223646
#79306	['caja de madera' 'arandela' '#217546' '#307779' '#314235']	0	0.593507785676	0.376704971451
causal	['#24078' 'causal' 'causalidad' '#319404' '#24082']	4	0.344353606076	0.383977857609
tax avoidance	['#135744' 'fuga de capitales' '#246273' '#246616' 'para\xc3\xadso fiscal']	0	0.54860986819	0.50793030696
hotel manager	['peluquero' 'camarero' '#76701' 'portero' '#68136']	0	0.713161627323	0.480931162973
remaking	['renacimiento' '#81648' '#204689' 'derrumbamiento' 'tumultuoso']	0	1.04645596106	0.673313733618
#63037	['platino' '#115545' 'titanio' 'cromar' '#81469']	0	0.673342885643	0.410822344274
illegal	['tr\xc3\xa1fico' 'contrabando' '#31438' 'terrorista' '#45101']	0	0.554928597955	0.471109187052
petroleum	['#86221' 'petr\xc3\xb3leo' '#11' '#74696' '#202803']	4	0.309127274367	0.327263526285
merchant marine	['#57418' 'marina mercante' 'guardacostas' '#203314' '#251209']	4	0.494481065196	0.497710780264
irritate	['irritar' 'peritonitis' 'nervioso' 'dolor de est\xc3\xb3mago' '#78252']	0	0.941218210977	0.523795079802
#1716	['colonialismo' '#29940' '#29942' 'colonizaci\xc3\xb3n' 'colonial']	4	0.188363124341	0.313580713956
background knowledge	['#55685' 'geof\xc3\xadsica' 'ingenier\xc3\xada de sistemas' '#220612'
 'astrof\xc3\xadsica']	0	0.864833519255	0.604699550686
#48618	['renacer' '#5103' 'aplauso' '#5127' 'esplendor']	0	0.69133927724	0.457825260979
#140959	['vinilo' '#129154' 'laca' 'perclorato' '#252666']	4	0.461218568782	0.464945834717
pension benefit	['#201491' '#65173' 'plan de pensiones' '#90004' '#254575']	0	0.397457677919	0.337063429309
iodide	['#312772' '#55998' '#252666' 'perclorato' '#252533']	0	0.550958710953	0.45260064444
#312556	['libre mercado' '#4657' 'paternalista' 'aislacionista' '#22065']	0	0.801870173353	0.511326919465
one-sided	['tendencioso' '#53763' '#88659' '#15774' 'c\xc3\xadnico']	0	0.760041431859	0.453081068574
temporary employee	['trabajador a tiempo parcial' '#233921' '#11181' 'contrato indefinido'
 'contrato a tiempo parcial']	0	0.524812367931	0.476508525733
#317649	['#307261' 'incentivo fiscal' 'iniciativa privada' '#251857' '#246351']	0	0.594827199304	0.510733406864
self-analysis	['#60692' 'sentido del humor' '#44867' 'reflexivo' 'humor']	0	0.570806412212	0.500964391815
overrun	['#309311' 'veh\xc3\xadculo militar' '#97607' '#207661' '#251480']	0	0.915585942112	0.584653828951
#41515	['estepa' '#51757' 'tundra' '#89715' '#114113']	4	0.362222116572	0.379891190181
bald eagle	['pisc\xc3\xadvoro' '#87332' '#35' '#33322' 'cormor\xc3\xa1n']	0	0.582965287585	0.484432317438
#186070	['c\xc3\xa1mara de seguridad' '#246087' '#81076' 'cuerpo de guardia'
 '#6377']	0	0.730841263455	0.590690876274
take-off	['despegue' '#41020' 'despegar' 'aeronave' 'aterrizaje']	5	0.485950655239	0.527833087968
accomplishment	['#31856' 'consecuci\xc3\xb3n' '#73161' '#134828' 'mensurable']	0	0.727420414367	0.548030808217
#47560	['#254086' 'fiscal de distrito' '#253879' '#311306' 'abogado general']	0	0.571681306721	0.503296475934
offended	['ofendido' 'agraviar' '#219721' 'responsabilidad criminal' 'querellar']	0	1.01718613622	0.48589081762
video disc	['#23555' '#201441' '#311440' 'acoso cibern\xc3\xa9tico' '#226022']	0	0.49135206845	0.431965747655
mechanic	['#44796' 'electricista' '#105267' '#23019' '#127521']	0	0.641607186337	0.351751792558
#83362	['#80824' '#105542' 'oscuro' 'aterrador' 'triste']	0	0.759838066062	0.469012135186
conformity	['conformidad' 'legislaci\xc3\xb3n nacional' '#12934' 'precepto' '#90655']	5	0.401203252225	0.50237485585
dressmaker	['costurera' '#34210' 'peluquero' '#105267' 'sastre']	5	0.429048193787	0.442489762385
vermiculite	['#252666' 'perclorato' 'elast\xc3\xb3mero' 'pretratamiento' '#312772']	0	0.495776100128	0.411288932598
indulgence	['complacencia' 'humildad' '#60658' 'deferencia' '#97175']	0	0.606562344199	0.537911913379
peaceful coexistence	['#246501' 'coexistencia pac\xc3\xadfica' '#29345' 'coexistencia' '#110970']	4	0.151665621722	0.227232443329
#46699	['#82782' '#307791' '#42580' 'activista' '#2620']	0	0.775710541558	0.502537212801
#46436	['#122140' 'hu\xc3\xa9rfano' '#57233' 'desamparado' '#129504']	5	0.221890049595	0.311845926695
multi-user	['servidor de aplicaciones' '#209867' '#231934' '#201155' 'enrutador']	0	0.591039658481	0.494129502878
#94305	['#59588' '#208100' '#5347' 'code\xc3\xadna' '#119570']	0	0.568089318045	0.486108200911
definite time	['#232357' 'destajo' '#217111' 'permiso parental' 'licencia de caza']	0	0.719479906146	0.696686980248
news agency	['#210025' '#135876' 'cadena de televisi\xc3\xb3n' '#103104'
 'agencia de prensa']	1	0.356082737169	0.322759526823
winter	['invierno' '#18270' 'lluvia' '#18274' '#52496']	5	0.172667418133	0.277450984461
#30507	['#101785' '#20378' '#20532' 'cordial' '#26733']	0	0.614627377129	0.450184068502
scarring	['#308081' '#308158' '#310690' '#310687' 'desgarro']	0	0.554700683688	0.398785878955
international community	['comunidad internacional' '#201048' 'compromiso' '#60619'
 'responsabilidad']	5	0.353360937952	0.505760752857
dismissed	['despedido' '#217733' '#232865' '#253045' 'sentencia absolutoria']	5	0.507168101875	0.550301158467
#81992	['#98520' 'consiguiente' 'resultante' '#85298' '#31966']	5	0.382632009346	0.43835621952
#95546	['gratuito' '#56518' '#67727' 'pluralista' '#17347']	0	0.984359002422	0.519119630063
full board	['#67087' 'ropa blanca' 'centro de d\xc3\xada' '#30186' '#231047']	0	0.642972949142	0.583599103628
#178808	['#202239' 'cosa juzgada' 'extralimitaci\xc3\xb3n' '#90480' '#246854']	0	0.667483877688	0.55817337079
sprinkle	['#105684' '#125754' 'antiparasitario' '#83446' 'sopa']	0	0.866685210385	0.46775053848
ladder	['barrera aduanera' 'pelda\xc3\xb1o' '#204756' '#315769' '#74378']	0	0.642049484739	0.626074059454
philosophy	['#133199' '#133202' '#42011' 'teor\xc3\xada' '#207728']	0	0.554623914773	0.349958831716
freedom of assembly	['libertad de asociaci\xc3\xb3n' '#260894' 'libertad de pensamiento'
 'libertad de opini\xc3\xb3n' '#203183']	5	0.283163081965	0.345197741153
#37102	['#58450' 'margarina' 'fideo' 'porcelana' '#71719']	0	0.526680636296	0.391589099368
#73905	['indecible' '#231567' '#61647' 'debilitante' 'enfermedad end\xc3\xa9mica']	0	0.769403648752	0.491796054594
federal state	['estado unitario' '#135337' 'auton\xc3\xb3mico' '#126315' '#12752']	0	0.660514109149	0.497328233279
ethnic	['#118375' '#52592' '#231269' 'etnia' '#81261']	0	0.375678939601	0.321664418033
#81290	['#3499' 'afectivo' '#45519' '#96687' 'conductual']	2	0.503754434659	0.492113646347
pro se	['testigo experto' '#199041' '#119382' 'acusador' '#311306']	0	0.874095773651	0.558659763703
supersonic	['#51580' '#77682' 'napalm' '#107349' 'artillero']	0	0.640065872239	0.470429308052
#124749	['#200957' '#314546' 'viuda' 'hijo adoptivo' '#202931']	0	0.495252581497	0.473033132537
toughening	['endurecimiento' 'banalizaci\xc3\xb3n' 'criminalizaci\xc3\xb3n' '#236865'
 '#119700']	0	0.982353303179	0.621560979768
manganese	['#70850' 'manganeso' 'tierras raras' 'cromar' 'platino']	4	0.352211900214	0.376905344308
question mark	['#85703' '#105493' '#315030' '#10047' '#201933']	0	0.788185138334	0.61516454168
#31121	['#208283' 'acuerdo escrito' '#201518' '#119409' 'adoptante']	5	0.428557374113	0.487717652375
#157436	['#106241' 'principio de subsidiariedad' '#251399' '#205086' '#39400']	5	0.431785663675	0.568421587434
astronomical	['astron\xc3\xb3mico' 'astrof\xc3\xadsico' 'telescopio espacial'
 'fotometr\xc3\xada' '#93767']	5	0.384782937977	0.417303249565
ensnare	['atormentar' '#36051' '#62525' 'inmoralidad' '#63088']	0	0.977502859094	0.493932548936
#37652	['#314426' '#58962' 'hermanastro' 't\xc3\xada' '#135766']	0	0.593208288589	0.455539193542
#119246	['#21863' 'lava' '#50857' '#227022' '#9988']	0	0.57240558685	0.414523447449
#98747	['metal\xc3\xbargico' '#74085' 'metalurgia' 'petroqu\xc3\xadmico'
 'refinaci\xc3\xb3n']	4	0.343465840229	0.376996660133
#323809	['#63738' '#247922' 'testamentario' '#247759' '#53886']	0	0.578820255676	0.534614984711
lf	['tasa de actividad' 'trabajador a tiempo parcial' 'tasa de paro' '#233921'
 'nupcialidad']	0	1.01455500254	0.65514655944
#23676	['#3806' 'hegemonismo' '#61376' '#63249' 'despotismo']	0	0.535742875421	0.522093374095
destroyer	['#253939' '#89172' 'portaaviones' 'fragata' 'buque de desembarco']	0	1.14235371286	0.451047597774
personal	['intimidad' '#90726' '#37097' '#3776' '#23508']	0	0.743493467966	0.540705366038
#17219	['sentina' 'perclorato' '#77964' '#110844' 'bayeta']	0	0.775562061405	0.43058388199
poetic	['prosa' '#88508' '#91370' 'novela' '#172']	0	0.458336982674	0.404341809544
writing	['escritura' '#30605' 'dibujo' '#66910' '#44483']	5	0.434122668661	0.461243024142
#87648	['inhumanidad' 'demonio' '#62955' 'estupor' 'amargura']	0	0.887322485234	0.56544897723
dedicate	['monumento' '#10986' 'conmemorativo' 'conmemorar' '#31720']	0	0.79030612748	0.509733216853
mod.	['rifle de asalto' '#251651' 'mistral' 'retroexcavadora' 'carabina']	0	1.20740386878	0.558682749256
#43209	['#219096' '#123359' '#122882' '#121207' '#76169']	2	0.54668299218	0.544361399502
#85332	['#104389' 'simbiosis' '#104388' 'simbi\xc3\xb3tico'
 'diversidad gen\xc3\xa9tica']	5	0.416016240986	0.446262361849
generously	['generosamente' '#205950' '#6621' '#91161' '#16455']	5	0.240630824868	0.388118674041
television viewer	['#109074' 'telespectador' '#28880' '#125095' 'clip']	4	0.4646437077	0.499445025864
#43203	['#29911' '#57569' '#85920' '#120812' 'mexicano']	2	0.443495003898	0.409396988127
#28230	['matem\xc3\xa1tica' '#72351' 'matem\xc3\xa1tico' '#229' 'asignatura']	4	0.229787711892	0.261259868254
#77911	['#109446' 'adverbio' '#3359' '#246698' '#204675']	0	0.822831981592	0.577847996772
ambition	['ambici\xc3\xb3n' '#7057' 'anhelo' 'imaginaci\xc3\xb3n' 'hegemon\xc3\xada']	5	0.236323441864	0.359333142945
interrupt	['interrumpir' 'interrupci\xc3\xb3n' '#16636' '#207762' 'obstruir']	5	0.300913093851	0.410191341748
#119149	['clorurar' '#28918' '#28925' '#55998' '#15902']	0	0.564561491403	0.466870779748
#28389	['#239991' 'ortodoncia' 'estomatol\xc3\xb3gico' 'dermatolog\xc3\xada'
 '#121260']	0	0.519288507607	0.498061499499
#38512	['#50984' '#63638' '#314368' '#204197' '#32488']	2	0.459088481798	0.391264080108
#139244	['televisar' '#99824' 'sesi\xc3\xb3n fotogr\xc3\xa1fica' '#132534'
 '#109082']	0	0.540690700479	0.525718444258
#4009	['artiller\xc3\xada de campa\xc3\xb1a' '#225139' 'ametralladora ligera'
 '#236345' '#70124']	0	0.517109355808	0.366987523005
nitric acid	['#204551' '\xc3\xa1cido n\xc3\xadtrico' 'perclorato' '#199794'
 'tri\xc3\xb3xido']	4	0.375393726635	0.390081584153
#67745	['#289338' 'sexo' 'etnicidad' 'dato' '#81']	0	0.939761393749	0.712493358333
#172542	['#19551' '#315191' '#30581' '#6958' 'd\xc3\xa9spota']	0	0.663791441464	0.516410327473
#60344	['#6457' '#105906' 'comandante' 'testimonio' 'interrogatorio']	0	0.78127229301	0.516813523349
psychiatric hospital	['#91846' 'enfermo mental' '#245972' '#91845' 'siqui\xc3\xa1trico']	0	0.419351002814	0.31826916973
pantry	['despensa' 'merienda' '#67087' 'sauna' '#6350']	5	0.455990804748	0.480044113382
federal territory	['territorio federal' '#135411' 'constituci\xc3\xb3n'
 'regi\xc3\xb3n de ultramar' '#135415']	5	0.516647816308	0.59924427072
#164956	['biolog\xc3\xada molecular' 'fibra natural' 'polimerizaci\xc3\xb3n'
 '#128548' '#308503']	0	0.649766735395	0.541902008414
disinterestedness	['funci\xc3\xb3n jurisdiccional' '#227851' 'inamovilidad' '#60658' 'curia']	0	0.814591158004	0.655030580826
whip	['latigazo' '#4539' 'culatazo' '#1101' 'choque el\xc3\xa9ctrico']	0	1.13519030202	0.315552572626
#65911	['mientras tanto' '\xc3\xadnterin' '#219745' '#121714' '#274087']	1	0.573707871485	0.568694871258
#32881	['#91228' 'pronunciaci\xc3\xb3n' 'gram\xc3\xa1tica' 'ortograf\xc3\xada'
 '#80719']	5	0.41598599372	0.439220841334
#132689	['#241280' 'cromita' 'kimberlita' '#238271' '#21863']	5	0.419831452623	0.433708897189
#31092	['#127619' 'taxonom\xc3\xada' 'hiperv\xc3\xadnculo' '#115717'
 'p\xc3\xa1rrafo']	0	0.936162283872	0.650145294329
copepod	['#35' 'anf\xc3\xadpodo' '#236418' '#34194' 'mam\xc3\xadfero terrestre']	0	0.447204752073	0.398619235459
#41499	['#24285' '#13943' 'declinaci\xc3\xb3n' '#24284' '#13716']	5	0.392648568754	0.429102158114
mercantile	['yate' '#116781' '#115045' 'usufructuario' 'piedra preciosa']	0	0.822094476806	0.599734868251
dictatorial	['#12770' '#24058' 'tiran\xc3\xada' '#12690' '#8350']	0	1.02477009404	0.368422840762
#26387	['#58840' 'hepatocito' 'subcut\xc3\xa1neo' 'alopecia' 'sistema digestivo']	0	0.521347416511	0.395328779109
wanted	['#124416' '#128407' 'pr\xc3\xb3fugo' 'buscado' '#216917']	2	0.60299014584	0.593470001643
calling card	['#23555' 'm\xc3\xb3dem' '#109031' '#208938' '#122420']	0	1.11979076592	0.508396781669
#18588	['#77653' 'metacrilato' '#74047' 'copol\xc3\xadmero' '#88867']	5	0.376244968637	0.397441287823
#41303	['#310390' '#55998' 'sustancia org\xc3\xa1nica' '#312772' 'ani\xc3\xb3n']	0	0.492867639322	0.469913956547
#96679	['#233997' 'criog\xc3\xa9nico' '#116705' '#110849' 'xen\xc3\xb3n']	5	0.444634561914	0.45542365987
ostrich	['ant\xc3\xadlope' 'higo' 'salado' '#97633' 'palmera']	0	0.502799084577	0.465286813065
#151546	['geoqu\xc3\xadmico' 'clorofila' '#28913' 'geomorfol\xc3\xb3gico' '#15399']	0	0.616050312132	0.454412564212
fallen	['#120462' 'ca\xc3\xaddo' 'desconsolado' 'amado' 'respetos']	4	0.435846173436	0.460146519003
#15798	['perclorato' '#252666' '#110849' 'intercambiador de calor' '#200271']	0	1.04824463018	0.433389114572
industrial	['industrial' '#53748' '#243' '#117' '#62470']	5	0.27985624884	0.361754816167
#69795	['admirar' 'respetos' 'heroicamente' 'devoci\xc3\xb3n' '#205977']	0	0.623993186429	0.493605119749
#96198	['#101621' 'salmonella' 'bacteria' '#308503' 'inmunotoxina']	0	0.570024397817	0.482801410192
sympathy	['condolencia' '#31252' '#31251' 'simpat\xc3\xada' '#104491']	0	0.495194479329	0.305092852564
#44461	['#32198' '#135657' '#32195' '#348' 'tel\xc3\xa9fono']	0	0.670398660557	0.505913288177
scent	['aceite esencial' 'lino' 'crisantemo' 'tintura' 'palma']	0	0.577750592163	0.520580201832
protectionism	['#91443' 'proteccionismo' 'proteccionista' '#310980' '#124396']	4	0.245924039419	0.279302046798
ancient	['#74528' '#76031' '#73204' '#125053' 'milenario']	0	0.658077310962	0.358707495194
ministerial decree	['#247591' 'decreto ministerial' 'decreto legislativo' '#260904' '#246033']	4	0.413397926901	0.449556309069
district	['distrito' '#43118' '#206' '#251' 'subdistrito']	5	0.311583509724	0.374115263369
provenance	['procedencia' 'origen' 'piedra preciosa' '#203824' '#203382']	0	0.671056384193	0.644194809963
#191510	['#69209' '#31621' '#31620' '#24009' '#38211']	0	1.04608336736	0.578255692152
#65173	['horario' '#33825' '#63940' '#202508' '#44307']	0	0.910413515503	0.551147775405
#28126	['deconstrucci\xc3\xb3n' '#238451' 'arquitect\xc3\xb3nico'
 'obra arquitect\xc3\xb3nica' 'etnol\xc3\xb3gico']	4	0.560143984452	0.597501532818
#192080	['#2716' 'tragar' '#47683' '#58403' 'l\xc3\xa1grima']	0	0.730830768677	0.575293622555
#38693	['#37970' '#37971' '#18984' 'se\xc3\xb1or' '#139131']	5	0.469555327764	0.545833808721
#30106	['#247643' '#238742' 'separaci\xc3\xb3n legal' '#310656' '#23397']	0	0.659200772061	0.410988449409
#59285	['#68780' 'logar\xc3\xadtmico' '#234276' '#314024'
 'an\xc3\xa1lisis de regresi\xc3\xb3n']	0	0.598243081133	0.578990034617
get into	['#26800' '#138295' 'orinar' '#26801' 'pez\xc3\xb3n']	0	1.17135761056	0.566920375521
#125333	['#31370' 'converso' '#219079' '#34607' '#219080']	0	0.64793324025	0.516331066516
make the grade	['dibujo t\xc3\xa9cnico' '#44846' 'manualidad' 'graduado escolar'
 'escuela media']	0	1.10027025974	0.498204628733
#34695	['#86064' 'peso' '#86057' '#86059' '#22729']	1	0.489475896395	0.435887368884
legal document	['c\xc3\xb3digo de procedimiento civil' '#9973' '#39763' '#29311' '#263']	0	0.683429491803	0.591473039319
#64978	['t\xc3\xb3ner' '#114548' 'archivador' '#9965' '#45680']	4	0.497118033747	0.516466608187
#158098	['secretario general' '#247422' 'asamblea general' '#251048' '#90302']	4	0.44152889412	0.479521679942
venture	['empresa conjunta' '#134860' '#235990' '#64214' 'lucrativo']	0	0.573115016502	0.483788141111
send up	['botar' '#50161' 'apache' 'esquirla' '#315118']	0	0.660165432519	0.479775974888
nucleic acid	['#204552' 'inmunotoxina' '#77224' '\xc3\xa1cido nucleico'
 'cromatograf\xc3\xada']	2	0.517930746702	0.513646613054
clean energy	['#251389' 'energ\xc3\xada alternativa' 'energ\xc3\xadas limpias' '#237022'
 'bioenerg\xc3\xada']	3	0.29800277319	0.29456571441
photolithography	['copol\xc3\xadmero' 'elast\xc3\xb3mero' '#234263' 'termopl\xc3\xa1stico'
 'cloruro de polivinilo']	0	0.475970815733	0.420770861022
clip	['#28880' '#265' '#110548' 'historieta' 'clip']	1	0.496425608758	0.481903591607
road accident	['#210749' '#210750' 'accidente de circulaci\xc3\xb3n' 'traumatismo'
 '#106613']	3	0.424619455574	0.433319827228
#149905	['mapa' '#71430' '#23301' 'cartogr\xc3\xa1fico' 'cartograf\xc3\xada']	4	0.28070639688	0.34150330993
#197118	['#255288' '#38634' 'punto de partida' 'derrotero' 'aproximaci\xc3\xb3n']	5	0.598389740901	0.666245660475
free market	['libre mercado' '#251772' '#307857' '#232475' 'fuerzas del mercado']	5	0.302236708343	0.370462852525
#43646	['#119541' 'aliado' '#63572' '#5838' '#120200']	5	0.318957245491	0.406582572283
#61575	['#49378' '#308081' 'laceraci\xc3\xb3n' '#251215' '#64548']	5	0.349784271957	0.362243601892
laden	['#110844' '#59072' 'arg\xc3\xb3n' '#16' 'escurrir']	0	0.878485239763	0.48395619616
self-defense	['defensa propia' '#202392' '#12696' 'adversario' '#208767']	5	0.526119187247	0.59722118094
schoolmaster	['logopeda' '#285' '#68787' '#251551' 'pedagogo']	0	0.562924097736	0.537130830425
#18603	['#79442' 'observatorio' '#87827' 'defensor\xc3\xada del pueblo' '#208602']	5	0.217633660068	0.398716626527
#310617	['#313550' 'templado' '#308848' '#7320' 'tundra']	5	0.361203045003	0.392587835113
self-injury	['#59588' '#106613' 'alucinaci\xc3\xb3n' '#6641' 'muerte accidental']	0	0.502121573053	0.491367690096
#24506	['#90827' 'procedimental' 'agilizaci\xc3\xb3n' '#31030' '#3904']	0	0.68356291715	0.617798125295
#200358	['en breve' '#3099' '#54247' '#8581' '#126991']	0	0.83724396413	0.54895993182
#283596	['#234875' '#234637' 'crecida repentina' '#136' 'deslizamiento']	5	0.284170467432	0.353743027032
ethnographic	['etnogr\xc3\xa1fico' '#52595' 'etnograf\xc3\xada' '#52594' '#127432']	5	0.357885837905	0.409369503024
film producer	['#251203' 'compositor' '#11098' '#56590' 'escultor']	0	0.528721435252	0.467442187404
#84184	['parco' 'inveros\xc3\xadmil' 'incoherente' '#61958' '#105847']	0	0.854327680215	0.581842936002
#4064	['#235823' 'garant\xc3\xada de calidad' 'calibraci\xc3\xb3n' '#20321'
 'procesamiento de datos']	2	0.458215485036	0.453312186743
delve	['#11121' 'debate' 'aspecto' '#37374' '#1937']	0	1.13658447855	0.702696400369
#68722	['#15079' 'sustentar' '#59674' '#219065' '#15077']	1	0.547188503568	0.517065591186
measured	['bioacumulaci\xc3\xb3n' '#270700' '#68780' 'solubilidad' '#216405']	0	0.919532720064	0.605513744015
armrest	['#18710' '#6289' 'cuchilla' 'cinta adhesiva' 't\xc3\xadmpano']	0	0.79099237057	0.418695628835
#326298	['#24523' '#72249' 'salina' 'ca\xc3\xb1a' '#117504']	0	0.570668591774	0.444852615916
spaceflight	['vuelo espacial' '#207239' '#247186' '#58722' 'misi\xc3\xb3n espacial']	5	0.510882885584	0.538450102911
divestiture	['control de precios' '#238086' 'monopolio natural' '#231674'
 'desinversi\xc3\xb3n']	1	0.51482818608	0.510674825408
amphibian	['pisc\xc3\xadvoro' '#87332' '#38' 'reptiles' '#37']	0	0.550492232113	0.331672419658
bedclothes	['#207936' '#67087' 'art\xc3\xadculo de tocador' 'ropa blanca' '#121262']	0	0.492094722548	0.386373588595
#84071	['ense\xc3\xb1ar' '#131880' '#28684' '#9410' 'aprender']	0	0.862621398359	0.493070091056
#80998	['#3430' '#208379' '#11084' 'guardia nacional' '#208450']	0	0.800066069199	0.401864921382
#285259	['relatividad' '#55699' 'geom\xc3\xa9trico' 'ontolog\xc3\xada' '#80125']	0	0.611013879308	0.517171255722
#58239	['fusi\xc3\xb3n nuclear' '#201058' '#78348' '#239914' 'neutr\xc3\xb3n']	4	0.5089756345	0.513150521105
#308668	['#308359' '#207690' 'derrame de petr\xc3\xb3leo' 'acidificaci\xc3\xb3n'
 '#231384']	5	0.269651489875	0.369209058681
sexist	['#103838' 'sexismo' 'estereotipar' '#51779' '#103837']	0	0.48928205819	0.37735663638
#68831	['verificar' '#12662' '#116606' '#44562' 'veracidad']	0	0.581551251149	0.431992630235
acrylonitrile	['copol\xc3\xadmero' '#234263' '#252666' 'metacrilato' 'perclorato']	0	0.435626593936	0.402773924247
#160374	['#111015' 't\xc3\xb3ner' '#114548' '#209867' 'm\xc3\xb3dem']	0	0.511211200109	0.486005541022
herbivorous	['pisc\xc3\xadvoro' '#87332' 'herb\xc3\xadvoro' '#273794' 'fulmar']	3	0.36729249842	0.374201914255
#89194	['#61126' '#71249' 'membrete' '#80587' 'carta de porte a\xc3\xa9reo']	5	0.506797897227	0.547107999691
planted	['frutal' 'barbecho' '#86332' 'turbera' '#128279']	0	1.01613726276	0.423605737074
unilaterally	['unilateralmente' '#206885' '#114812' '#82654' '#251654']	5	0.211064035484	0.345069973255
#85038	['#28339' 'carta circular' 'decreto ministerial' '#247591'
 'decreto legislativo']	5	0.508281502134	0.548429853664
uncontested	['quebrantamiento de forma' 'apelado' '#5448' '#39317' 'incriminatorio']	0	0.606928058616	0.511884861126
#27530	['did\xc3\xa1ctica' '#48108' 'pluriling\xc3\xbce' 'curricular' '#88319']	0	0.896873381491	0.575083215877
#76340	['#20523' 'falaz' 'ama\xc3\xb1ado' '#54126' 'ama\xc3\xb1ar']	2	0.520033438808	0.513111739417
#98677	['motor el\xc3\xa9ctrico' 'hidr\xc3\xa1ulico' '#239014'
 'intercambiador de calor' '#200271']	0	0.542823526806	0.489216793114
#186952	['#101550' '#48881' '#45082' '#32383' 'comida y alojamiento']	0	0.880333055929	0.675413012122
#29785	['catecismo' '#65406' 'recitar' 'monja' '#204470']	0	0.61897035062	0.535512081892
have sex	['#3528' '#122267' '#43930' '#59132' 'p\xc3\xbaber']	0	0.596347300335	0.422409463469
theft	['#6751' 'extorsi\xc3\xb3n' '#52811' 'saqueo' '#33589']	0	0.665754486809	0.33704824748
bisexual person	['#273195' '#120090' '#232788' 'intersexo' '#3528']	0	0.637129877963	0.448292679356
endless	['fratricida' 'recriminaci\xc3\xb3n' 'enzarzar' 'atormentar' '#61438']	0	1.05828060045	0.458797914067
reveal	['#38254' 'descubrir' 'indicio' 'evidencia' '#52768']	4	0.50282544629	0.496716692537
seminarian	['#28956' 'seminarista' 'te\xc3\xb3logo' 'catequista' 'reverendo']	4	0.395895637073	0.426955218786
#45815	['#109772' 'expropiar' '#53417' 'finca' 'hacendado']	5	0.258397627485	0.349211552877
#305229	['pleito civil' 'querellar' '#248134' 'ofendido' '#219721']	0	0.671913531872	0.505413858202
tanker	['#120383' 'cami\xc3\xb3n cisterna' 'buque de transporte' '#78608'
 '#275020']	0	0.484423326884	0.372857743112
#169696	['#42356' 'dilatorio' '#45412' 'subterfugio' '#114350']	5	0.465687351831	0.535720129819
#85103	['determinante' 'trascendental' 'subjetivo' '#77392' '#106158']	0	0.64784954167	0.616712044285
#33842	['#246113' '#59503' 'hiperinflaci\xc3\xb3n' '#62706' 'inflacionista']	0	0.743154730595	0.575631157059
irradiation	['irradiaci\xc3\xb3n' '#222219' 'radiois\xc3\xb3topo' 'is\xc3\xb3topo'
 '#113305']	5	0.379262549231	0.431678404172
naturalness	['#47091' 'bioma' '#115902' '#115900' 'regi\xc3\xb3n tropical']	0	0.929047651074	0.54597917066
#4	['#36883' '#24964' 'c\xc3\xa9lula' 'celda' '#23985']	5	0.393385724207	0.435495393456
oceanic	['#314022' '#627' '#311780' 'hidrosfera' '#4195']	0	0.59725513743	0.343986477985
ostensible	['usufructuario' '#12100' '#115059' '#41737' '#115045']	0	1.05808491924	0.699676378902
#85407	['#208351' 'parque nacional' '#249' 'aguas interiores' '#231547']	0	0.724833020853	0.337827083956
#29627	['edici\xc3\xb3n' '#30623' 'revista' '#30523' 'compilaci\xc3\xb3n']	0	0.737427400093	0.539704853149
#120867	['#247688' '#219821' 'sudoriental' '#219805' '#73879']	5	0.443684404922	0.469388009408
limelight	['acariciar' 'espejismo' '#48172' '#21141' '#2716']	0	0.979017059662	0.667796134337
#201997	['#252077' '#10079' 'musgo' 'neblina' '#73261']	0	0.962610271317	0.444572766132
#4744	['#219065' '#231269' '#309616' '#103837' '#45649']	0	0.693209441918	0.444501398865
denomination	['profesar' '#96845' '#96847' '#34780' '#31372']	0	0.479004550232	0.416995829926
#192859	['aplaudir' '#104491' '#205296' 'congratular' 'amir']	3	0.510198153785	0.51337264447
#305073	['#18203' '#87962' 'medalla de bronce' '#311190' 'medalla de plata']	2	0.423375826649	0.417088766073
butane	['#18778' 'keroseno' 'gas\xc3\xb3leo' '#91261' 'propano']	0	0.378993222924	0.347656630946
shaman	['#26123' '#36288' 'curandero' 'cham\xc3\xa1n' '#58871']	2	0.440741989464	0.429546810361
#14379	['#23555' '#91660' '#28211' '#55916' '#207638']	0	0.688640552096	0.424516867642
comb	['ferreter\xc3\xada' '#25638' '#37933' '#105533' '#204133']	0	0.560649152372	0.500554711671
reaction	['#94574' '#94581' '#94582' 'postura' '#79493']	0	0.738009983434	0.46643269635
#221500	['#123585' 'ultranacionalista' '#126168' '#201877' '#123515']	5	0.254108598861	0.306464108575
circumstantially	['#118148' 'marginalidad' '#71738' '#80021' 'sin techo']	0	0.811161825704	0.562274930244
hand grenade	['#66246' 'lanzagranadas' 'granada de mano' 'fusil autom\xc3\xa1tico'
 '#201666']	3	0.31026589677	0.31593919599
#151659	['#93601' 'racionalidad' '#44645' 'humanismo' '#89720']	5	0.58109089786	0.601923244866
eggplant	['#57579' 'guayaba' 'aguacate' '#66868' '#7546']	0	0.512611725329	0.470225939969
#141372	['perclorato' 'butadieno' 'aceite mineral' 'elast\xc3\xb3mero' '#18775']	0	0.652478911893	0.449097453626
#13752	['#8089' 'c\xc3\xb3smico' 'tragar' '#69134' '#233702']	0	0.711000027491	0.575500748494
#149096	['#77614' 'etnocentrismo' '#26551' 'nacionalismo' '#52593']	0	0.559160570094	0.53098881013
#131626	['#130634' '#223814' 'embestir' '#28394' 'ca\xc3\xb1onear']	0	0.611286666323	0.578966708842
#226082	['contaminador' '#32244' '#241109' 'internalizaci\xc3\xb3n' '#53502']	0	0.635232655251	0.552126992935
psychological science	['gerontolog\xc3\xada' 'criminolog\xc3\xada' '#285' '#68787' '#91800']	0	0.699885588424	0.615856650448
water quality	['calidad del aire' '#231844' '#234134' '#234133'
 'contaminaci\xc3\xb3n del agua']	0	0.348212823487	0.335953760925
building worker	['peluquero' '#102392' '#206983' 'sastre'
 'obrero de la construcci\xc3\xb3n']	1	0.41709410496	0.410589050079
geological	['geol\xc3\xb3gico' 'n\xc3\xb3dulo' 'geof\xc3\xadsico' '#79177' '#23944']	5	0.248667445331	0.349951475562
#193805	['sororato' 'edicto' 'draconiano' 'ap\xc3\xb3stata' '#9686']	0	0.674604539634	0.569970814546
#85717	['potable' '#15680' 'aguas negras' '#89538' '#4235']	4	0.446137218678	0.465843383832
burial ground	['#202539' 'mausoleo' '#72519' 'castillo' '#220434']	0	0.640873912715	0.453006621144
reindeer	['#97295' 'reno' '#19619' '#37865' 'ganadero']	4	0.292180924355	0.349636703733
income tax	['impuesto sobre la renta' '#234282' '#41786' '#246005' 'deducci\xc3\xb3n']	5	0.29645738012	0.375855911091
#24745	['compactaci\xc3\xb3n' '#232768' 'cambio de temperatura' '#208399'
 '#319848']	0	0.722914578182	0.544933051412
#82665	['#77028' '#129137' 'acuerdo internacional' '#251545'
 'instituci\xc3\xb3n financiera']	5	0.418729304913	0.487000282685
concerning	['aclaraci\xc3\xb3n' '#1937' 'acercar' '#50672' '#1902']	0	0.702576001119	0.617930646047
cleave	['acariciar' '#18091' '#61361' 'risa' 'lobo']	0	0.703191723065	0.540336879762
#39223	['#106120' '#45500' 'rep\xc3\xbablica' 'emirato' 'unicameral']	4	0.6393126668	0.645828742698
merchant vessels	['carguero' 'barco de pesca' '#120383' 'dhow' '#253939']	0	0.564460546318	0.407824141958
#477	['culatazo' '#50561' 'choque el\xc3\xa9ctrico' '#72660' '#36017']	0	0.467805831794	0.452365885258
captivity	['#216752' 'raptar' 'raptor' '#219624' '#104019']	0	1.05394925656	0.472342146809
#80800	['piretrina' '#234263' 'metacrilato' 'copol\xc3\xadmero' '#199234']	1	0.486894745369	0.481324662388
#11911	['#56665' '#241838' '#252565' 'granadero' 'maruca']	4	0.400509112073	0.402600985965
#14405	['#25286' '#25291' '#25288' '#16073' '#63481']	1	0.495688564318	0.473474556453
#45265	['#55819' 'ge\xc3\xb3logo' '#55685' '#220612' 'geociencia']	5	0.421369064287	0.497701608388
horseshoe	['#18710' '#235078' 'pil\xc3\xb3n' '#116187' '#95527']	0	0.521138901038	0.481068454489
#45916	['#249723' 'concernir' '#28566' '#98055' '#209876']	0	0.818485248977	0.583376077004
#91724	['#90766' 'imprevisible' '#207839' 'previsible' '#30694']	0	0.558849010183	0.514740896284
#94641	['#63033' 'inmaduro' '#63032' '#53355' 'inmadurez']	0	0.596160705977	0.516192030429
#153074	['#53860' '#221306' 'pago anticipado' '#248548' '#246315']	0	0.940580697943	0.586710333462
#124196	['trabajador del estado' 'instituto de previsi\xc3\xb3n social'
 'agente de seguros' '#310399' '#11181']	2	0.562866033559	0.556488159612
#75813	['querer' '#50825' 'renunciar' '#9107' '#77632']	0	0.726262574874	0.460016956764
layoff	['#251912' 'paro forzoso' 'despedido' '#217733' 'salario real']	0	0.685906238924	0.527818976375
unearned	['#247399' 'retenci\xc3\xb3n de impuestos' 'plusval\xc3\xada'
 'qu\xc3\xadntuplo' '#54832']	0	0.664880471513	0.598444937219
bring about	['#18290' '#93662' '#52815' '#113757' 'desastroso']	0	0.535488339739	0.499606756586
#62945	['anh\xc3\xaddrido carb\xc3\xb3nico' '#22458' 'carbono' '#201469'
 'nitr\xc3\xb3geno']	4	0.360488868914	0.372414500482
#62941	['#18188' 'bromo' '#28925' 'hal\xc3\xb3geno' '#122218']	5	0.364878224229	0.393100263378
rib	['#50561' '#59526' 'costilla' '#8211' '#22540']	3	0.313814389591	0.309117038153
fame	['fama' 'admirar' '#208842' 'devoci\xc3\xb3n' '#202483']	0	0.779596223189	0.624410895345
cremation	['cremaci\xc3\xb3n' 'enterramiento' '#34531' '#29006' 'saliva']	5	0.453363433002	0.503586401658
#83949	['justificable' '#42704' 'disuasorio' '#101965' 'irrazonable']	0	0.776683315536	0.594548878811
#4445	['#3090' '#90413' '#43104' '#231613' 'distribuci\xc3\xb3n']	0	0.546951536251	0.503390733784
#98012	['#124087' '#85920' '#82518' '#103319' '#26793']	4	0.560651341607	0.573660183016
#30626	['embargo' '#200641' '#45100' '#16642' '#45101']	3	0.349263218146	0.343549092286
#95412	['#16293' 'biodegradable' 'material de desecho' 'placa de circuitos'
 'reciclable']	0	0.523366220187	0.495792279276
#47010	['costurera' '#209979' '#34210' 'peluquero' 'zapato ortop\xc3\xa9dico']	0	0.694405593561	0.553965091686
#84563	['renacer' '#5127' 'anhelar' 'final feliz' '#15288']	0	0.653698381334	0.596347127522
#1243	['crucero' '#34887' '#34895' '#55684' 'carta batim\xc3\xa9trica']	4	0.425016647691	0.476278926893
sterilized	['#119677' '#218486' 'esterilizado' 'antidepresivo' 'esterilizar']	0	0.564946728942	0.523111808797
mountain chain	['#308848' '#32496' '#33400' '#119089' '#69701']	0	0.523043872147	0.431289913598
reporting	['#34851' '#49489' 'cronol\xc3\xb3gico' '#308097' 'muestreo']	0	0.849910904402	0.636979016487
sauna	['sauna' '#102470' '#52398' '#204151' 'sal\xc3\xb3n de belleza']	5	0.374343668349	0.410603281913
colouring	['porcelana' 'margarina' '#71719' 'barnizar' 'laca']	0	0.975104462654	0.515200603641
#149259	['#64990' 'jeringa' '#4361' '#4389' '#64288']	2	0.419181207278	0.407760212689
earmark	['#219593' '#106240' '#202805' '#3686' 'fondo p\xc3\xbablico']	0	0.804351102911	0.489972427012
center	['#25288' '#95306' 'albergue' '#25286' 'centro de acogida']	0	0.988470502481	0.474797600644
magnetics	['#241103' 'interferometr\xc3\xada' 'geodin\xc3\xa1mica' '#15399' '#55678']	0	0.551477225358	0.469520665901
#135467	['#72657' 'catolicismo' 'aislacionismo' '#52593' 'imbricaci\xc3\xb3n']	0	0.677666651633	0.647790757026
#317462	['#203909' 'patria potestad' '#114314' '#72454' 'matrimonial']	5	0.198948353715	0.318096234608
#1019	['#38788' '#2979' 'reparar' '#134005' '#3']	0	0.652085799591	0.439761531148
#68009	['armaz\xc3\xb3n' 'fusible' '#76874' 'b\xc3\xa1scula' '#88249']	0	1.09289246236	0.476605894192
#93789	['triple' '#43383' '#32489' '#113230' '#33987']	0	0.637751097509	0.513789559221
#43807	['pediatra' '#84340' 'm\xc3\xa9dico de familia' '#203451'
 'ginec\xc3\xb3logo']	4	0.35565534349	0.369558128088
bananas	['#223446' '#7546' '#70861' '#29236' '#19463']	0	1.13147405346	0.522672559428
#48094	['encinta' '#207054' 'parturienta' '#45072' 'leche de f\xc3\xb3rmula']	0	0.621263111339	0.515836980122
#9658	['#33063' '#117504' 'ant\xc3\xadlope' '#80837' 'zorro']	0	0.540675337167	0.506889068979
#200257	['#85696' 'hacinar' '#8775' 'de noche' '#210789']	0	0.619789251201	0.593109770409
#73770	['#104491' '#11273' 'persuadir' '#1014' '#80293']	0	0.779307401511	0.497182789821
antichristian	['ultranacionalista' 'antirreligioso' '#27388' '#219888' '#8443']	0	0.522272441816	0.481862906394
miniscule	['#135450' 'gourde' '#203808' '#48307' 'd\xc3\xa9ficit comercial']	0	0.655372691747	0.629661973499
sport facility	['instalaci\xc3\xb3n deportiva' '#199156' '#124216' '#55872' 'gimnasio']	5	0.249353387715	0.292342481772
#78666	['#36192' '#62' '#19779' 'testador' 'asunto personal']	4	0.496766039535	0.499932035434
#178134	['#105101' '#307942' 'fen\xc3\xb3meno social' '#307' '#3499']	0	0.710403379244	0.587960125704
ease	['facilidad' '#53806' '#78732' 'normalizar' 'empeorar']	5	0.472603827662	0.523200888137
mobile phone operator	['#209056' '#200010' '#200098' 'servicio de mensajes cortos' '#308727']	0	0.556604358049	0.511115094681
#215118	['#129601' 'graduado escolar' 'vocacional' '#135296'
 'instituto t\xc3\xa9cnico']	0	0.640977684245	0.453984111309
shout	['#26801' '#1389' '#26800' '#15199' '#71624']	0	0.360271330605	0.311196435508
decompression	['enuresis' '#254325' 'artritis' '#5666' '\xc3\xb3rgano respiratorio']	0	0.695099116556	0.498877045873
exhibition	['festival' '#126513' '#53365' 'exhibici\xc3\xb3n' '#31022']	0	0.699649446655	0.369712528242
#46121	['#120826' 'vendedor' '#28852' 'vender' '#199190']	5	0.25041514706	0.341297238842
transformation	['transformaci\xc3\xb3n' '#52285' 'globalizaci\xc3\xb3n'
 'liberalizaci\xc3\xb3n' '#94605']	5	0.290174362423	0.424594678048
oral exam	['#309643' '#239707' 'examen oral' '#52014' '#246407']	3	0.509760627353	0.519469082675
hunt down	['ninja' 'esbirro' 'bandido' '#15199' 'decapitar']	0	0.716812688871	0.462493703249
punctual	['autocr\xc3\xadtica' '#12694' 'balanceado' 'reflexivo' '#50295']	0	0.917077488295	0.708750986633
archeological	['#235202' 'lugar hist\xc3\xb3rico' '#10443' 'sitio arqueol\xc3\xb3gico'
 'arqueol\xc3\xb3gico']	1	0.457279587444	0.434044633706
observation post	['#236996' '#15949' 'puesto de guardia' '#201788' '#83752']	0	1.08855302742	0.363839074419
#67837	['#49835' '#139162' '#5864' '#92070' 'pantalones']	0	0.595181764365	0.501632995476
five	['cinco' '#216454' 'cuatro' '#218117' '#220687']	5	0.309826399455	0.41979488104
#1834	['#87962' '#123707' '#18203' '#315782' 'natalicio']	0	0.677518074751	0.472786154375
immediately	['#102959' 'tan pronto como' 'notificar' '#204761' '#78867']	0	0.872373474473	0.510879099737
antiseptic	['antis\xc3\xa9ptico' '#121352' 'enjuague' '#26106' 'desinfectante']	5	0.368945940502	0.395608747498
rear	['#33506' 'atalaya' 'camuflaje' 'establo' '#136858']	0	0.852782805311	0.46862110714
#33610	['descarrilamiento' '#39343' '#206936' '#201797' '#254188']	4	0.520621121843	0.534271156717
gatehouse	['montacargas' '#11233' 'c\xc3\xa1mara frigor\xc3\xadfica' 'teja' '#201233']	0	0.558253340995	0.405655610263
supernumerary	['#226258' 'licencia por enfermedad' 'consejo de disciplina' '#51756'
 '#106820']	0	0.805917925884	0.652716011818
multicultural	['#77022' 'intercultural' '#252064' '#217700' '#77023']	0	0.404983199072	0.300423187011
securities	['instrumento financiero' 'cuenta bancaria' '#254530' 'divisa' '#247613']	5	0.358027879626	0.400176790684
#64336	['#70006' 'lava' '#234217' '#208473' 'vulcanismo']	5	0.381166779195	0.398768555567
#30559	['noticia' 'reportaje' 'bolet\xc3\xadn de noticias' 'retransmitir' '#78850']	0	0.853269320719	0.520939453246
adversity	['adversidad' '#3369' 'entereza' '#16920' 'estoicismo']	5	0.353011617593	0.455664058267
#95911	['#208976' '#204133' 'extinguidor' 'lijadora' '#111015']	0	0.830288691218	0.439024568156
delegation	['#37970' '#37971' '#18984' '#99383' '#90302']	0	0.749424405145	0.543919251424
#58527	['motor el\xc3\xa9ctrico' '#231819' '#239014' '#6161' '#45307']	0	0.671157793818	0.570565370446
#78201	['teja' '#108969' '#33113' 'fieltro' '#25736']	0	0.723923408869	0.432135706081
character reference	['#2534' '#80722' 'acreditativo' 'certificado de matrimonio'
 'gram\xc3\xa1tica']	0	0.936526384816	0.561047078287
computer screen	['mp3' '#55916' '#108843' 'disco duro' 'tarjeta de memoria']	0	0.676957625385	0.447777822286
tadpole	['#236032' '#35' 'pisc\xc3\xadvoro' '#207926' '#135669']	0	0.50434599501	0.408206320334
outgo	['keroseno' '#18778' '#308543' 'fuel oil' '#313479']	0	0.924829791217	0.545302466148
#124497	['#207923' 'arma convencional' 'verificabilidad' '#201671'
 'irreversibilidad']	0	0.979930454142	0.702256776602
#18321	['bayeta' 'laca' '#216428' '#25736' 'porcelana']	0	0.948745317757	0.47253306264
intravenous	['intravenoso' '#256074' '#47175' '#43930' '#64290']	5	0.338780580599	0.354852333775
run	['#21068' 'construir' '#25285' '#49914' 'campamento']	0	0.717394388799	0.560261126979
#59348	['#216524' '#220687' '#218118' '#218105' '#216459']	5	0.332419623877	0.358774788112
judgement by default	['#202239' '#232865' '#226634' 'cosa juzgada' 'sentencia absolutoria']	0	0.498696743518	0.41272459838
#93582	['#235692' 'intervalo de confianza' 'error sistem\xc3\xa1tico' '#314444'
 '#216405']	0	0.887107828634	0.54552137298
host	['anfitri\xc3\xb3n' '#118200' '#21659' '#2216' '#2233']	5	0.384493551074	0.520236789714
uncivilized	['#120217' 'incivilizado' '#5934' '#122487' 'infiel']	4	0.391171861574	0.415236432003
television show	['bolet\xc3\xadn de noticias' 'programa radial' 'programa de entrevistas'
 '#209265' '#209780']	0	0.561228641165	0.464729648797
city hall	['episcopal' '#9952' '#18631' '#309943' 'arzobispado']	0	0.62892608806	0.527112108551
#316429	['#255566' '#310058' '#204054' '#29335' '#65613']	5	0.474210018698	0.490850226187
dictated	['hijo var\xc3\xb3n' '#251274' 'retr\xc3\xb3grado' 'paternalista' '#95992']	0	0.96136777921	0.71897138003
firing	['#70124' 'artillero' '#60262' 'disparado' '#108194']	0	0.48437102067	0.370750825184
foil	['#124831' 'saboteador' '#30581' 'contraataque' 'cazabombardero']	0	1.00399718989	0.551786856995
#88034	['#36054' 'bisexual' 'lesbiana' '#73599' '#17082']	0	0.540264102888	0.514477475207
mental deficiency	['retraso mental' '#253935' 'deficiencia mental' '#106188' '#79959']	3	0.476540735243	0.473881010951
cooperative society	['#306971' '#233023' 'cooperativa de ahorro y cr\xc3\xa9dito' '#201901'
 'empresa inmobiliaria']	0	0.691907591366	0.441909319868
#45424	['l\xc3\xadnea dura' '#203100' '#125013' '#308138' '#94786']	0	0.545954951421	0.481456255871
#85414	['#41752' 'determinable' '#318697' 'cuenta de dep\xc3\xb3sito' '#260834']	5	0.554355327374	0.616888846121
sept	['episcopal' '#90218' 'mangar' '#123278' 'natalicio']	0	0.990716657635	0.606376965988
#190337	['uni\xc3\xb3n aduanera' '#231671' '#204441' '#52650' '#208621']	0	0.608303381389	0.506569917418
deafness	['sordera' '#208808' '#105810' 'epilepsia' '#75681']	5	0.448700783355	0.460233605238
#177650	['#24523' 'casta\xc3\xb1a' '#72249' 'palma africana' '#23633']	0	0.602455384444	0.487560675781
social service	['#253881' 'servicio social' '#246929' 'asistencia social'
 'seguridad social']	4	0.231685408541	0.313569177664
stabilisation	['#234638' 'reforma' '#30111' '#234845' 'plan']	0	0.858684307029	0.724398658956
#192246	['bolet\xc3\xadn de noticias' 'bimestral' 'quincenal' '#16402' '#16267']	0	0.639393142723	0.518136478595
renewal	['renovaci\xc3\xb3n' '#75250' '#38153' '#30962' 'democratizaci\xc3\xb3n']	0	0.707377078291	0.487028077936
#116039	['#14080' 'expansionismo' 'aislacionismo' '#53168' '#77614']	5	0.435429541898	0.46144309495
preferment	['#238742' '#247643' '#310656' '#260813' 'absolutorio']	0	0.951136245161	0.557561225175
#29033	['#32198' '#32195' '#32197' 'oficial de enlace' '#247507']	0	0.627850219107	0.45870764188
galvanize	['galvanizar' '#54687' '#221399' 'catalizar' '#23833']	5	0.344427108786	0.435283800414
dynamite	['dinamita' '#42431' '#310986' '#311117' 'napalm']	5	0.417961728396	0.458818969956
artificial intelligence	['#317706' 'avi\xc3\xb3nica' 'inteligencia artificial'
 'ingenier\xc3\xada de sistemas' 'espectr\xc3\xb3grafo']	3	0.528047795586	0.526917197134
#174400	['ciclo biogeoqu\xc3\xadmico' 'biogeograf\xc3\xada' '#232627' 'criosfera'
 '#221840']	0	0.613987991608	0.505882994592
#159174	['#52558' '#65968' 'llorar' '#80062' 'traicionar']	0	0.775605180917	0.500339815509
#144597	['#11656' 'aspirante' 't\xc3\xadtulo acad\xc3\xa9mico' '#317463' '#90239']	0	0.634331859359	0.498791165722
#27708	['vencimiento' '#114466' 'ingreso per c\xc3\xa1pita' 'valor nominal'
 '#204450']	4	0.607442733867	0.609966655743
#143388	['#5103' '#104207' '#5127' 'adi\xc3\xb3s' 'resplandecer']	0	0.784237695275	0.50918037832
#97755	['#65215' '#58594' '#122683' '#34780' '#119451']	5	0.248486040486	0.312764549764
prawn	['#54764' 'harina de pescado' '#275088' 'filete' 'aceite de soja']	0	1.05694789506	0.390955035007
#33126	['retractar' '#97175' 'curia' '#10709' 'perdonar']	0	0.871636533226	0.528709630515
#43163	['#119883' '#120319' '#123590' '#121828' '#119447']	5	0.460957692868	0.518413737134
injection	['#64288' '#199776' '#221031' 'inyecci\xc3\xb3n' '#64287']	2	0.386340422463	0.363181440328
#159672	['#44814' 'choque el\xc3\xa9ctrico' '#7309' '#12409' 'gas pimienta']	0	0.560901453353	0.503872903709
#182495	['tejedur\xc3\xada' 'perfume' '#103560' '#204151' 'fideo']	0	0.502052104099	0.461682463431
#306234	['#314033' '#208021' '#233112' 'radiactivo' 'material radiactivo']	5	0.295907278469	0.351827235901
church building	['#209485' 'derviche' '#32784' 'convento' 'baptista']	0	0.721001134256	0.458768549796
#192693	['generosamente' '#205950' '#91161' '#6621' 'gratitud']	4	0.261300283678	0.397742031037
wholesale	['minorista' 'mayorista' '#41711' '#252124' 'al detalle']	0	0.480335239207	0.428325598997
spleen	['#15482' '#44475' 'bazo' 'edema' '#49197']	3	0.367028633176	0.370032722484
jackhammer	['retroexcavadora' 'apisonadora' 'montacargas' 'martillo neum\xc3\xa1tico'
 '#210601']	2	0.494481206885	0.489698929015
fried	['piretrina' '#235359' 'lino' '#275479' 'pulg\xc3\xb3n']	0	0.533267601185	0.444928651153
propaganda	['extremista' '#77616' '#93625' '#8447' 'nacionalista']	0	0.626718168039	0.378637057278
#36966	['lino' '#58122' 'whisky' '#68222' 'vodka']	4	0.460018691488	0.476718103325
#37509	['masajista' '#183' 'karaoke' '#11098' 'masaje']	0	0.510988824137	0.458197258218
#186606	['#113305' 'tritio' 'fisi\xc3\xb3n' '#116705' 'xen\xc3\xb3n']	5	0.394904325603	0.4372992387
#72468	['#102816' 'buque de guerra' 'bandido' '#201844' '#208357']	5	0.356394265054	0.478016525076
#79160	['#108888' '#48219' '#29067' '#216428' '#209']	0	0.898427497142	0.49095662409
#85687	['preponderante' '#43591' '#106692' '#61507' 'supremo']	4	0.535216547847	0.545532430536
#117501	['#265178' 'ddt' 'lindano' 'hexaclorobenceno' '#8424']	5	0.325702420733	0.3853611824
#77497	['#34178' '#34116' '#4555' '#247609' '#59503']	4	0.523757495438	0.534298293881
father-in-law	['#36582' 'suegro' '#106437' 'cu\xc3\xb1ado' 'suegra']	4	0.314498773653	0.325554185732
ameliorate	['#2759' '#235743' 'paliar' 'amortiguar' '#3470']	0	0.767827213628	0.663324888201
#44447	['#308038' '#38517' 'populista' 'socialdem\xc3\xb3crata'
 'l\xc3\xadnea dura']	4	0.489190854835	0.508628982006
#46535	['#121942' 'antifascista' '#123515' '#126168' 'fascista']	3	0.413901211536	0.415231769475
biochemistry	['#63127' 'inmunolog\xc3\xada' '#203326' 'bioqu\xc3\xadmica' '#16330']	2	0.380492608972	0.376664776044
diplomatic note	['nota diplom\xc3\xa1tica' '#78808' '#109033' '#53085' 'telegrama']	5	0.371990637958	0.463708917705
#45829	['baptista' 'derviche' 'pentecostal' 'morm\xc3\xb3n' '#123424']	0	0.41022736303	0.372384568047
#87374	['subempleado' '#251327' '#221028' 'empleo precario' '#11181']	3	0.465791306708	0.440201112625
vanquished	['#72028' 'inhumanidad' 'despotismo' '#202767' '#205977']	0	0.896258256091	0.54861744767
#87377	['\xc3\xbatil' '#15869' '#119007' '#119011' 'herramienta']	4	0.395101948658	0.421629926278
papers	['#83257' '#202333' 'pasaporte' '#82248' 'falsificado']	0	0.566292742119	0.518693925796
acidification	['#231384' 'acidificaci\xc3\xb3n' '#52688' '#221055' 'eutrofizaci\xc3\xb3n']	4	0.19891305676	0.252278957274
#39688	['#14138' '#44174' '#253961' '#201160' 'pavimentaci\xc3\xb3n']	0	0.906176337681	0.534052149807
#81699	['#16020' '#267458' '#226382' '#208100' 'acceso carnal']	0	0.93953718064	0.482467907265
switch off	['micr\xc3\xb3fono' 'se\xc3\xb1al de v\xc3\xaddeo' 'videoc\xc3\xa1mara'
 '#199346' '#208943']	0	0.687398730347	0.599881547036
#85051	['semestral' '#103166' '#44486' 'festival' 'feria']	0	0.721468326711	0.53937665747
genealogical	['#55535' 'geneal\xc3\xb3gico' '#123951' 'patron\xc3\xadmico'
 'nombre de pila']	4	0.50068550284	0.520925722448
#87080	['inolvidable' 'admirar' '#220558' 'respetos' '#31741']	0	0.978313504526	0.626990043014
#166725	['paralizado' '#82558' '#82548' '#61557' '#61555']	3	0.459680131213	0.477780374319
ghost	['#71624' '#6076' 'sepultar' '#46375' 'fantasma']	1	0.632431641569	0.621222169395
#15398	['diagrama' '#107592' 'diagrama de flujo' 'tabular' '#202453']	0	0.810113332376	0.455596403372
#90901	['#34340' 'encapuchado' '#36017' '#311117' 'culatazo']	0	0.643272017806	0.453290039413
#32529	['#21744' '#136598' '#315782' 'episcopal' '#125095']	0	0.575848150603	0.562807177118
exigent	['#70687' '#247017' '#127082' '#39317' '#204988']	0	0.921657520692	0.648521707862
heath	['#7108' '#55734' '#121260' 'cuidados m\xc3\xa9dicos' '#235176']	0	0.974449188635	0.484891139949
#78966	['\xc3\xb3rbita' 'artefacto' '#118847' 'explosi\xc3\xb3n' '#17225']	0	0.576479789796	0.475374004685
#23705	['subjetividad' '#106154' '#64086' 'relativismo' '#96760']	4	0.447837396553	0.500802891404
#950	['comandante jefe' 'abogado general' '#128865' 'vicealmirante'
 'consejo de guerra']	0	0.940940992131	0.647915268562
#95409	['#119011' '#119007' '#24056' 'provechoso' '#115078']	4	0.385094303967	0.43832904764
#147256	['pata' '#15477' 'sal inorg\xc3\xa1nica' '#88867' '#133320']	0	0.78011049352	0.631483323818
