#61554	['trauma' '#112738' '#112737' 'traumatismo' 'traum\xc3\xa1tico']	0.23001938327	0.274109745119
#74905	['#113757' '#113754' '#52845' '#40138' '#1191']	0.708293921263	0.488487617079
deferment	['aplazamiento' '#9182' '#107033' '#42358' '#98012']	0.357897519879	0.39895056889
zing	['paloma' 'bobo' '#57624' '#81790' 'lince']	0.892570912098	0.269862135187
appetite	['avaricia' '#3806' '#44645' '#12884' 'instinto']	0.917294857031	0.241085576492
radio beacon	['baliza' 'radiofaro' '#51459' '#209158' '#240059']	0.21829269698	0.22413585533
#149322	['#1810' '#40050' 'irresponsabilidad' 'imprudencia' 'incuria']	0.46074895883	0.314959273054
#37298	['#100292' '#81728' '#22944' 'palma' 'palmera']	1.32757199566	0.32514469255
overlying	['#70006' 'lava' '#21870' '#221840' '#102897']	0.542108114467	0.188765777548
#37886	['#3881' '#46016' 'agencia' '#208793' '#28497']	0.647538496362	0.439842111333
#143316	['#208039' 'cer\xc3\xa1mica' 'proceso cognitivo' '#25735' '#25736']	0.744193077827	0.443202120616
#21495	['tienda de campa\xc3\xb1a' '#22989' 'habitaci\xc3\xb3n' 'prefabricado'
 '#207172']	0.261683627261	0.3441990737
#85292	['hospitalizaci\xc3\xb3n' '#111021' 'prescrito' 'asegurado' '#72393']	0.947547671912	0.486145465062
#324	['#5079' '#129019' 'mont\xc3\xb3n' '#10489' 'polvoriento']	0.98558555149	0.293581264162
agglomeration	['#201542' 'aglomeraci\xc3\xb3n urbana' '#73261'
 'densidad de poblaci\xc3\xb3n' 'megal\xc3\xb3polis']	0.671812299559	0.359197593094
#69825	['#28561' '#93036' '#15199' '#91301' '#2465']	0.341368519695	0.377949111619
vast	['#104206' 'ruina' '#59741' 'siglo' '#74590']	0.556671219154	0.494124650409
#132357	['#203024' 'inspector general' '#314368' '#106802' 'ministro de defensa']	0.263001594419	0.324910461783
marry	['casado' '#6942' '#23402' '#72460' 'esposa']	0.440323389133	0.272359055893
#93561	['#217566' 'firmado' '#100668' '#125060' 'carta de cr\xc3\xa9dito']	0.350656598979	0.389665307544
#193481	['anhelar' '#205890' '#220215' 'serenidad' 'pacientemente']	0.34407399314	0.351209642985
#173521	['anticarro' 'lanzadera' '#61053' '#22227' '#108190']	0.528720707643	0.272695711188
#77515	['#115071' 'zootecnia' '#48639' '#23200' '#113106']	0.984878607754	0.548180385923
#28481	['#203326' 'farmacolog\xc3\xada' '#17726' 'zoolog\xc3\xada' '#242447']	0.3841924089	0.269847414414
#97666	['antropol\xc3\xb3gico' '#8506' '#105101' 'sociol\xc3\xb3gico' '#8505']	0.288612567274	0.329198656277
#59828	['simbiosis' '#104388' 'diversidad gen\xc3\xa9tica' '#234299' '#104389']	0.333497031091	0.367004804915
traveling	['festival' '#38402' '#11128' '#126513' 'artista']	0.743530141305	0.457990382035
#20640	['#111419' 'hidrante' 'cuchilla' '#74165' 'tornillo']	0.301882080964	0.203627028823
#17429	['#210591' 'fusil autom\xc3\xa1tico' 'jeep' 'veh\xc3\xadculo militar'
 '#21125']	0.222247287779	0.240390042888
#59730	['silicio' '#204593' '#107289' '#104304' 's\xc3\xadlice']	0.188274827182	0.189415837616
opaque	['opaco' '#80147' '#25814' '#44016' 'amorfo']	0.239058841219	0.293482371508
#119879	['#207865' 'formato' '#43472' 'documento oficial' 'versi\xc3\xb3n']	0.377856116288	0.425669666678
#85738	['labio' 'retorcer' '#133320' '#28249' '#50561']	0.385125156708	0.214212381386
#33603	['#113757' '#127815' '#1014' '#12061' '#77753']	0.678407127016	0.456683050484
caffeine	['#56361' 'hongo' '#22914' '#107384' '#204437']	0.293548297888	0.228904240037
#78602	['#524' '#30178' 'combusti\xc3\xb3n' '#22482' '#55250']	0.250013434466	0.28731843268
#311424	['informaci\xc3\xb3n gen\xc3\xa9tica' '#203016' 'gen\xc3\xa9tica' '#55668'
 '#204545']	0.29664699891	0.320956488641
supplies	['#8769' 'utensilio de cocina' '#210077' '#17710' '#29067']	0.541584346735	0.323566721509
national debt	['d\xc3\xa9ficit presupuestario' 'balanza comercial' 'gasto del gobierno'
 '#59503' '#246588']	0.277350800314	0.307129733592
#23296	['#220512' '#91025' '#91287' 'racionalidad' '#61922']	0.483926149885	0.443851573152
jet propulsion	['fotom\xc3\xa9trico' '#11732' '#218599' 'astrof\xc3\xadsico' '#93754']	0.327199822741	0.233980843147
#58510	['#199224' 'c\xc3\xb3digo postal' 'c\xc3\xa9dula de vecindad' 'numerado'
 '#247']	0.47028977511	0.420654945613
major power	['#251654' '#89561' 'hegemon\xc3\xada' 'aliado' 'guerra fr\xc3\xada']	0.600816930722	0.448800175251
#288788	['onc\xc3\xb3logo' '#93765' 'radi\xc3\xb3logo' '#109515' '#80084']	0.408335558478	0.339822770656
exemption	['exenci\xc3\xb3n' '#12778' 'imposici\xc3\xb3n' '#130971' '#61503']	0.511599649578	0.447333763981
noticeable	['#13943' '#44560' '#13716' '#8830' '#68614']	0.679096272565	0.428249254546
repairman	['#105267' 'soldador' '#87027' '#68136' 'sastre']	0.350220458833	0.238767640521
guarantor	['alter ego' 'fiador' 'poderdante' 'banquero' '#120823']	0.453678905817	0.373838300349
bot	['leasing' '#66792' '#239771' '#53841' '#127948']	0.621094642191	0.329101523895
#171698	['marchitar' 'ocaso' 'esfumar' '#135902' '#10814']	0.562083999677	0.314347771362
adopting	['#202343' 'c\xc3\xb3digo civil' 'paternidad' '#114314' '#217661']	0.860328397421	0.477714363621
gravimetric	['#56881' 'gravim\xc3\xa9trico' 'fotom\xc3\xa9trico' '#74706'
 'mineral\xc3\xb3gico']	0.17224382613	0.180391983618
countervail	['monopolio' '#73780' '#128296' '#90949' 'competidor']	0.874935845835	0.46564178029
criticise	['tachar' '#25182' '#1608' '#34798' 'silenciar']	0.370616233375	0.384422547944
#71213	['#222151' '#54126' '#40005' 'instrumentalizar' '#110306']	0.984191023336	0.27989858742
recording machine	['#236059' 'c\xc3\xa1mara digital' '#82118' 'm\xc3\xb3dem' 'disco duro']	0.37796998823	0.25680910728
#60627	['anestesia' '#44383' '#7816' '#7818' 'maxilofacial']	0.199132863417	0.197680283783
#79306	['#88867' 'revestido' '#307779' '#111419' 'perno']	0.433176489709	0.202858366866
causal	['causal' '#24078' 'inevitable' '#37699' '#78075']	0.404045504139	0.445737250042
tax avoidance	['#135744' '#246273' 'fuga de capitales' '#246616' '#203700']	0.371790586847	0.34013697493
hotel manager	['camarero' 'peluquero' '#76701' '#100792' '#95036']	0.469574074416	0.292210937216
remaking	['totalitarismo' 'ocaso' '#30840' '#81941' '#73204']	0.746534310281	0.307634680577
#63037	['titanio' '#107289' 's\xc3\xadlice' 'cromar' '#59072']	0.463124540815	0.177915036047
illegal	['#32448' 'extorsi\xc3\xb3n' '#52811' 'ileg\xc3\xadtimo' 'contrabando']	0.417681010883	0.400997809535
petroleum	['#86221' 'mineral' 'petr\xc3\xb3leo' '#11' '#203327']	0.366663327134	0.367872777728
merchant marine	['#89287' '#618' '#201727' 'guardacostas' '#57418']	0.507729675974	0.421104518604
irritate	['irritar' '#230948' 'tragar' '#6641' 'labio']	0.542573641871	0.217861088079
#1716	['colonialismo' '#29940' '#29938' 'colonial' 'siglo']	0.251644788679	0.345253656587
background knowledge	['#49010' '#208172' '#11731' 'astrof\xc3\xadsica' '#244938']	0.662140686593	0.451412593175
#48618	['maravilloso' 'simbolizar' 'renacer' 'ocaso' 'gloria']	0.476736229355	0.295620324721
#140959	['#129154' '#216428' 'vinilo' '#116857' 'porcelana']	0.163606129069	0.172707025321
pension benefit	['jubilaci\xc3\xb3n' '#65168' '#201491' '#3560' 'plan de pensiones']	0.284710872313	0.33243605961
iodide	['#202477' '#208590' '#28918' 'hidrocarburo arom\xc3\xa1tico' '#28925']	0.217240095738	0.168465324873
#312556	['liberalismo' '#72382' '#22065' '#67649' 'materialista']	0.654984541027	0.309281845131
one-sided	['c\xc3\xadnico' 'falaz' 'burdo' '#36946' 'rid\xc3\xadculo']	0.734324790577	0.284190472153
temporary employee	['#241239' '#201311' '#11181' '#233921' '#51924']	0.383990116963	0.327170110887
#317649	['fondo p\xc3\xbablico' '#261026' '#307261' '#202805' '#307228']	0.422617042171	0.431945542287
self-analysis	['instintivo' 'idealismo' '#60959' 'intelecto' 'sentido del humor']	0.38984577028	0.304491377979
overrun	['rearmar' 'contraataque' '#6367' '#27294' '#97607']	0.569716086082	0.38594548458
#41515	['#51757' 'selva tropical' 'estepa' '#89715' '#41703']	0.219298885182	0.224773456044
bald eagle	['#33322' '#236032' 'cormor\xc3\xa1n' '#273794' 'pisc\xc3\xadvoro']	0.198601287819	0.180856048686
#186070	['#35443' 'cuartel' 'alojar' '#248117' 'calabozo']	0.50339774539	0.418212831332
take-off	['despegue' '#41020' '#112123' 'aterrizaje' '#12066']	0.283910400918	0.326073195256
accomplishment	['#207294' '#31856' '#3003' 'coherente' 'flexibilidad']	0.688585866585	0.566868077158
#47560	['fiscal de distrito' '#254086' '#253879' '#106802' 'juez de paz']	0.40925758858	0.322161420874
offended	['culpabilidad' '#36085' 'delito penal' 'absolver' 'acci\xc3\xb3n penal']	0.736958434327	0.362475580192
video disc	['#56480' '#265' 'c\xc3\xb3mico' '#110548' 'clip']	0.320796776561	0.278204126903
mechanic	['#44796' 'electricista' '#105267' 'soldador' '#23019']	0.427542240178	0.260253473498
#83362	['#105542' 'aterrador' 'oscuridad' 'id\xc3\xadlico' '#68699']	0.544206866193	0.319878057338
conformity	['conformidad' '#3021' 'convenio internacional'
 'ordenamiento jur\xc3\xaddico' 'ley fundamental']	0.367076942053	0.436328957252
dressmaker	['peluquero' 'sastre' '#102392' 'costurera' '#34210']	0.171371099818	0.165050185744
vermiculite	['#107289' '#116857' '#95968' '#25734' '#88581']	0.231780767594	0.196135822176
indulgence	['#28225' 'cinismo' '#57344' 'arrogancia' '#10851']	0.456852786027	0.273354985498
peaceful coexistence	['#246501' 'coexistencia pac\xc3\xadfica' '#110970' '#29345' 'coexistencia']	0.219344028754	0.274344662418
#46699	['#82780' '#82782' 'parlamentario' '#2620' 'activista']	0.677733902401	0.535631361698
#46436	['hu\xc3\xa9rfano' '#122140' '#42604' 'viudo' '#121462']	0.266304213087	0.334522103208
multi-user	['#109678' 'm\xc3\xb3dem' 'red privada virtual' '#207766' 'acceso remoto']	0.346470784488	0.312275858791
#94305	['#255929' '#3229' '#6652' '#5347' '#59595']	0.320421890357	0.325649918835
definite time	['#60158' 'horario' 'predio' 'trabajo temporero' '#208860']	0.644128393612	0.551022481331
news agency	['cadena de televisi\xc3\xb3n' '#210025' '#135876' '#103104' 'retransmitir']	0.306859734205	0.271684557196
winter	['invierno' '#18270' 'lluvia' '#52496' '#109258']	0.222701611353	0.288767422199
#30507	['#101785' 'salutaci\xc3\xb3n' '#20378' '#20532' '#26733']	0.341938087418	0.303184546369
scarring	['#72522' '#216344' '#308081' 'desgarro' '#40230']	0.356764829006	0.193792131898
international community	['comunidad internacional' '#201048' 'flagelo' '#40270' 'paz']	0.43696963598	0.541781172285
dismissed	['inculpar' 'absolver' '#8957' '#52858' '#107027']	0.457690934024	0.40760555094
#81992	['consiguiente' '#98520' 'efecto negativo' '#31966' 'resultante']	0.429433538057	0.437920479551
#95546	['#67727' '#38150' '#56518' 'ense\xc3\xb1anza superior' '#255073']	1.07293208984	0.507313645721
full board	['#231047' 'centro de acogida' 'comida' 'albergue' 'comedor']	0.482815734704	0.406050901287
#178808	['#32062' 'nulidad' '#62058' 'proclamaci\xc3\xb3n' 'constitucionalidad']	0.637255080095	0.465051301031
sprinkle	['#72189' '#105684' 'sopa' '#22368' 'hongo']	0.547594401839	0.219458317609
ladder	['escalera' 'pelda\xc3\xb1o' '#101707' 'hueco' '#108830']	0.33011287347	0.360265922646
philosophy	['asignatura' '#133199' 'teor\xc3\xada' 'pensamiento' '#42011']	0.800329782865	0.433668009982
freedom of assembly	['libertad de asociaci\xc3\xb3n' '#260894' 'libertad de opini\xc3\xb3n'
 'ley fundamental' 'libertad de pensamiento']	0.251905247869	0.342845083051
#37102	['jugo' 'cerveza' '#31456' 'perfume' 'fideo']	0.291882805574	0.195349060795
#73905	['indecible' 'devastaci\xc3\xb3n' '#40086' 'penuria' 'miseria']	0.642951392657	0.344960271715
federal state	['#135324' 'cant\xc3\xb3n' 'municipalidad' '#235537' '#203884']	0.495438789255	0.443135402427
ethnic	['#118375' '#52592' '#93587' 'etnia' '#81261']	0.419810419345	0.365004623244
#81290	['#3499' 'afectivo' 'cognitivo' '#29397' '#45519']	0.409792712487	0.347558133199
pro se	['juez de instrucci\xc3\xb3n' '#30425' '#224734' '#30422' '#247524']	0.469559022491	0.400504924896
supersonic	['#2087' 'artillero' 'lanzadera' 'ca\xc3\xadda libre' '#96126']	0.374445385083	0.289129731978
#124749	['#72579' '#200957' 'agnado' '#1489' '#202931']	0.273638926016	0.292181439873
toughening	['#78221' 'segregacionista' '#123515' '#2907' '#238473']	0.62909075598	0.381626064065
manganese	['#70850' 'manganeso' 'tierras raras' 'cromar' '#79158']	0.174999903249	0.198692668909
question mark	['#31833' '#315030' 'agitar' '#77974' '#18091']	0.424710855938	0.281238038282
#31121	['#208860' '#208283' 'cedente' '#123768' '#98012']	0.41264261117	0.425154211319
#157436	['#106241' 'principio de subsidiariedad' 'federalismo' 'racionalidad'
 'libre mercado']	0.283846387032	0.357878973752
astronomical	['astron\xc3\xb3mico' 'astronom\xc3\xada' '#11738' 'astrof\xc3\xadsico'
 '#11731']	0.249128023854	0.262649778968
ensnare	['obsesi\xc3\xb3n' '#12884' '#25996' '#1390' '#106377']	0.784484179443	0.295055946532
#37652	['t\xc3\xada' '#114624' '#135766' 't\xc3\xado' 'abuela']	0.396674828568	0.285560409257
#119246	['lava' '#70006' 'roca volc\xc3\xa1nica' '#50857' '#86949']	0.331357370097	0.208359955038
#98747	['#74085' 'metal\xc3\xbargico' 'petroqu\xc3\xadmico' '#86216' 'metalurgia']	0.212963414906	0.243448500429
#323809	['corregidor' 'correccional de menores' '#101244'
 'c\xc3\xb3digo de la circulaci\xc3\xb3n' '#220202']	0.475033837007	0.462671733917
lf	['tasa de actividad' 'tasa de paro' 'cu\xc3\xa1druplo' 'sector servicios'
 '#307441']	0.664596441789	0.419553031904
#23676	['avaricia' '#3806' 'obsesi\xc3\xb3n' 'feroz' '#12884']	0.297126942287	0.280970666928
destroyer	['#89172' 'portaaviones' 'cazabombardero' 'carguero' '#253939']	0.892862847179	0.252197957444
personal	['#37097' '#8175' 'profesi\xc3\xb3n' '#3776' 'aptitud']	0.714443621188	0.547235106966
#17219	['sentina' '#49533' 'c\xc3\xa1mara de combusti\xc3\xb3n' '#90419' '#59072']	0.58001068382	0.237227164767
poetic	['poes\xc3\xada' '#88508' 'novela' '#88497' '#21737']	0.28270109184	0.213432006573
writing	['#68377' 'literatura' '#39763' 'editar' '#111884']	0.417019605548	0.375925894654
#87648	['demonio' '#77974' '#1044' 'feo' 'agitar']	0.54759602749	0.241910017866
dedicate	['monumento' '#155' 'conmemorativo' '#31720' 'festival']	0.683513064867	0.436392117903
mod.	['lanzadera' 'fusil autom\xc3\xa1tico' 'granado' '#8014' 'rifle de asalto']	1.0807331491	0.25701321189
#43209	['#121845' '#125206' '#124807' '#121798' '#122882']	0.372199335444	0.344734336444
#85332	['simbiosis' '#104388' '#104389' 'simbi\xc3\xb3tico' '#50691']	0.317186927981	0.297322117098
generously	['generosamente' '#205950' 'gratitud' '#91161' '#104491']	0.346872336275	0.397276058283
television viewer	['#28199' 'programa radial' 'telespectador' '#209532' 'videoclip']	0.264870867349	0.264627039275
#43203	['#120812' '#85920' 'boliviano' '#17076' '#57569']	0.371232275318	0.385614120832
#28230	['#72351' 'matem\xc3\xa1tica' 'asignatura' 'matem\xc3\xa1tico' '#229']	0.233298007311	0.264880847718
#77911	['fracaso' 'guerra fr\xc3\xada' '#61774' 'inevitable' '#79493']	0.659580746242	0.489947343204
ambition	['ambici\xc3\xb3n' '#7057' '#80293' 'hegemon\xc3\xada' 'optimismo']	0.273003338209	0.36431625151
interrupt	['interrumpir' 'interrupci\xc3\xb3n' '#94672' 'reanudaci\xc3\xb3n' '#78081']	0.34725528067	0.427111864695
#119149	['clorurar' '#28925' '#28918' '#1988' 'fenol']	0.31117523254	0.19526636714
#28389	['oftalmol\xc3\xb3gico' '#7108' 'ortodoncia' '#2774' 'acupuntura']	0.263871322615	0.238716453836
#38512	['#63638' '#32488' '#50984' '#308194' 'polic\xc3\xada secreta']	0.578327396203	0.350409203192
#139244	['#50739' '#99824' '#217' '#50738' 'programa de entrevistas']	0.322697002007	0.305372275346
#4009	['#70124' '#7171' '#8458' '#236345' '#119086']	0.407538692363	0.282863300591
nitric acid	['\xc3\xa1cido n\xc3\xadtrico' '#204551' '#105872' 'perclorato' '#107289']	0.13143644869	0.143123474461
#67745	['#221315' '#39486' '#14861' '#40497' 'corroer']	0.490381331833	0.374144582122
#172542	['#19551' '#18096' '#102423' '#11168' 'd\xc3\xa9spota']	0.378770354874	0.293204904685
#60344	['comandante' 'milicia' '#30095' '#128391' '#74555']	0.799400358526	0.538233588196
psychiatric hospital	['#91846' '#91845' '#7107' 'enfermo mental' 'ambulatorio']	0.383172783257	0.291248677091
pantry	['despensa' 'sauna' '#15589' '#52398' '#30186']	0.262731665125	0.270625050659
federal territory	['ciudadano extranjero' 'territorio federal' '#135411' '#220371' '#9669']	0.446464062511	0.461800149162
#164956	['#124556' '#308503' 'p\xc3\xa9ptido' '#92778' '#71476']	0.362437701018	0.300763242113
disinterestedness	['#90990' '#91665' 'humildad' 'lealtad' '#60658']	0.456281165745	0.42506534298
whip	['latigazo' 'palo' '#4539' '#1101' '#6934']	0.891687062424	0.23275257344
#65911	['mientras tanto' '\xc3\xadnterin' '#274087' '#121714' '#46000']	0.507381453032	0.512134603921
#32881	['#80719' '#91228' 'gram\xc3\xa1tica' 'ortograf\xc3\xada'
 'pronunciaci\xc3\xb3n']	0.240773238839	0.244012221648
#132689	['#241280' 'kimberlita' 'lava' 'cromita' '#15084']	0.210463200788	0.238585741516
#31092	['#53307' '#127624' '#115717' '#56070' 'explicativo']	0.563765306836	0.470975600585
copepod	['#21523' 'anf\xc3\xadpodo' 'platija' 'cangrejo' '#236032']	0.215989701488	0.189038088796
#41499	['#24285' '#13943' '#13716' 'descender' '#220584']	0.329213216789	0.37720094237
mercantile	['mercantil' '#80190' 'petrolero' 'empresa petrolera' 'armador']	0.454687328151	0.46626868656
dictatorial	['tiran\xc3\xada' '#1419' '#12770' '#12772' 'totalitarismo']	0.89680579163	0.257042588382
#26387	['secreci\xc3\xb3n' 'ataxia' '#2941' '#49197' '#11977']	0.296301835362	0.184825885779
wanted	['#119836' 'arrestar' '#128407' 'pr\xc3\xb3fugo' 'inculpar']	0.471961344808	0.422493725968
calling card	['#86376' '#121498' '#77302' '#82118' '#21239']	0.930814327716	0.290171889316
#18588	['#77653' '#88867' 'cuchilla' '#3694' '#111419']	0.16471276151	0.194235457783
#41303	['#202477' '#122218' '#28925' 'clorurar' 'fenol']	0.183591581031	0.165984037549
#96679	['intercambiador de calor' '#49533' '#61053' '#200271' 'quemador']	0.234383753344	0.202916259612
ostrich	['palmera' '#81728' '#27993' '#72189' 'ara\xc3\xb1a']	0.272224500161	0.206383514955
#151546	['morfolog\xc3\xada' 'geomorfol\xc3\xb3gico' '#15399' '#218832'
 'tect\xc3\xb3nico']	0.299847179972	0.198078812681
fallen	['#120462' 'ca\xc3\xaddo' 'llorar' '#65968' 'martirio']	0.255364483292	0.272680517066
#15798	['#111419' '#126793' '#88867' 'perno' 'tornillo']	0.851381027722	0.193755395799
industrial	['#62470' 'industrial' '#117' '#53748' 'competitividad']	0.382043866518	0.401421430289
#69795	['admirar' '#60830' '#7609' 'devoci\xc3\xb3n' 'hero\xc3\xadsmo']	0.456273684068	0.344309303699
#96198	['#101621' 'salmonella' 'bacteria' 'antiinflamatorio' 'antioxidante']	0.267573065191	0.176849859707
sympathy	['condolencia' '#31252' 'simpat\xc3\xada' 'afligido' '#31251']	0.352115403029	0.32931064001
#44461	['#32198' '#32195' '#30814' '#135719' '#31314']	0.655978541163	0.492549020438
scent	['#22944' '#81694' 'palma' '#56314' '#84197']	0.314552693187	0.258279792787
protectionism	['#91443' 'proteccionismo' 'proteccionista' '#310980' '#124396']	0.259511770107	0.300911758273
ancient	['#73204' 'medieval' '#76031' '#89856' '#74528']	0.545038465926	0.282230441204
ministerial decree	['decreto presidencial' 'decreto ley' '#248408' '#202385' '#15730']	0.479458137818	0.418452454028
district	['distrito' '#43118' '#251' '#206' '#91593']	0.341446960148	0.38431936551
provenance	['#203824' 'proveniencia' 'piedra preciosa' 'blanquear' 'falsificado']	0.402796500168	0.420240055578
#191510	['#61036' '#34780' 'organizaci\xc3\xb3n religiosa' '#41861' 'iglesia']	0.724030420057	0.40179314545
#65173	['#241908' '#136148' 'media hora' '#66293' 'espacio de tiempo']	0.489469066501	0.40197560849
#28126	['deconstrucci\xc3\xb3n' '#238451' '#81648' '#73204' '#49010']	0.317159114878	0.355887653418
#192080	['#2716' 'devorar' 'colmo' 'locura' '#25996']	0.442390853291	0.305801571489
#38693	['#37970' '#126331' 'felicitaci\xc3\xb3n' '#18984' '#99383']	0.518604176146	0.549293059536
#30106	['#36192' 'casamiento' '#220983' 'capitulaci\xc3\xb3n' 'infidelidad']	0.519203281436	0.342637222079
#59285	['#68780' 'logar\xc3\xadtmico' 'geom\xc3\xa9trico' '#234276'
 'an\xc3\xa1lisis de regresi\xc3\xb3n']	0.285966101044	0.252501225286
get into	['#26801' '#121333' '#18096' '#40089' '#11166']	1.06358314862	0.316274463366
#125333	['#128518' '#123515' 'fan\xc3\xa1tico' '#63616' 'integrista']	0.455141844205	0.332176015799
make the grade	['principiante' 'gimnasia' '#71231' 'pelota' '#18862']	1.20602169503	0.388090019099
#34695	['peso' '#56556' '#3336' 'profundidad' 'coeficiente']	0.542486202116	0.456210859362
legal document	['#30523' 'ordenamiento jur\xc3\xaddico' '#43472' '#78715' '#260814']	0.563031117214	0.507529347751
#64978	['bobina' '#28211' '#15348' '#91660' '#236059']	0.240360885937	0.219189853463
#158098	['#251048' 'agradecer' '#90303' '#3101' '#90302']	0.585000449541	0.525213824787
venture	['#46016' '#46006' '#311126' 'empresario' 'inversor']	1.00975439662	0.4081437157
send up	['apagado' '#2087' 'botar' 'balsa' '#6190']	0.367011582834	0.265611294818
nucleic acid	['#204552' 'biosensor' '#231726' 'cromatograf\xc3\xada'
 '\xc3\xa1cido nucleico']	0.186530004278	0.182756054181
clean energy	['#251389' 'energ\xc3\xada alternativa' 'sector energ\xc3\xa9tico'
 'energ\xc3\xada hidroel\xc3\xa9ctrica' 'energ\xc3\xadas limpias']	0.321412979673	0.29771303665
photolithography	['copol\xc3\xadmero' 'termopl\xc3\xa1stico' '#234263' 'elast\xc3\xb3mero'
 'surfactante']	0.256653884767	0.186925303353
clip	['#265' '#28880' 'clip' 'historieta' 'videoclip']	0.208892943027	0.2086976246
road accident	['#210749' '#210750' 'accidente de circulaci\xc3\xb3n' 'traumatismo'
 '#210751']	0.339429005193	0.333825641627
#149905	['mapa' '#71430' 'sistema de informaci\xc3\xb3n geogr\xc3\xa1fica'
 '#232063' 'cartograf\xc3\xada']	0.317506673022	0.385254455014
#197118	['punto de partida' '#255288' 'trayectoria' 'punto de referencia' '#28291']	0.440030680252	0.457342738874
free market	['libre mercado' 'liberalismo' '#251772' '#67649' '#307857']	0.202174074743	0.290497158567
#43646	['aliado' '#119541' '#120200' '#63572' 'militante']	0.363550792217	0.372749263781
#61575	['laceraci\xc3\xb3n' '#310687' '#308081' '#55038' '#72522']	0.184804870014	0.169231223398
laden	['#39486' 'escurrir' 'lava' '#138046' '#70006']	0.575702747158	0.240130558341
self-defense	['#12696' 'paramilitar' 'desarmar' '#82567' '#113563']	0.454419905839	0.427934664321
schoolmaster	['maestro de escuela' '#63487' '#315820' '#247192' '#251961']	0.335556610457	0.309653706739
#18603	['#79442' 'observatorio' 'cartograf\xc3\xada' '#87827' '#235747']	0.319527032505	0.427964270649
#310617	['templado' '#308848' '#32496' '#6415' 'selva tropical']	0.242681268702	0.22594045153
self-injury	['desobediencia' 'vejaci\xc3\xb3n' 'embriaguez' 'psicosis'
 'ensa\xc3\xb1amiento']	0.334567932992	0.306012578212
#24506	['procedimiento judicial' 'lentitud' '#90842' '#19546' 'fracaso']	0.466733885162	0.468161624405
#200358	['#8581' '#3099' '#126991' '#127640' '#54247']	0.675380663014	0.486167602685
#283596	['#234875' '#27900' '#234637' 'deslizamiento' '#136']	0.211016078453	0.280778899859
ethnographic	['#52595' 'etnogr\xc3\xa1fico' 'etnograf\xc3\xada' '#52594' '#216512']	0.19267329296	0.204476464144
film producer	['#251203' 'compositor' '#123' 'm\xc3\xbasico' '#50101']	0.304064959579	0.249951370428
#84184	['#53818' '#62011' '#104441' 'incomprensible' 'pecar']	0.682916215172	0.342034490508
#4064	['calibraci\xc3\xb3n' '#20321' 'modelo de datos' '#234554'
 'estandarizaci\xc3\xb3n']	0.305167745332	0.346696335835
delve	['#91035' 'desentra\xc3\xb1ar' '#62220' 'desdibujado' 'disonancia']	0.688251204309	0.387927624947
#68722	['#15079' '#11300' 'premisa' '#15107' 'teor\xc3\xada']	0.57686277592	0.530580089039
measured	['#30900' 'bioacumulaci\xc3\xb3n' '#233475' '#220242' '#78581']	0.800167697832	0.426980646577
armrest	['cuchilla' 'delantero' 'reja' 'pata' 'martillo']	0.54708420188	0.25041154707
#326298	['ca\xc3\xb1a' '#72249' '#24523' '#22944' '#14305']	0.449088962913	0.293782192697
spaceflight	['vuelo espacial' '#11731' 'astronom\xc3\xada' '#207239' '#58722']	0.226187435612	0.238084872126
divestiture	['desinversi\xc3\xb3n' 'control de precios' '#40502' '#238086'
 'mercado secundario']	0.330799169702	0.352594616493
amphibian	['pisc\xc3\xadvoro' '#94032' '#21523' '#273794' '#87332']	0.33498614228	0.174153386915
bedclothes	['s\xc3\xa1bana' '#15589' '#43998' '#29067' '#207936']	0.288777058922	0.210633972245
#84071	['#77753' '#59741' '#18664' '#59740' '#59742']	0.653708195658	0.426518805957
#80998	['paracaidista' '#15297' 'ej\xc3\xa9rcito del aire' 'artillero'
 'helic\xc3\xb3ptero de combate']	0.606517336786	0.324756002098
#285259	['#253279' 'geom\xc3\xa9trico' 'significante' '#49010' '#208002']	0.450579500863	0.425272238889
#58239	['#78348' 'fisi\xc3\xb3n' '#239914' 'neutr\xc3\xb3n'
 'acelerador de part\xc3\xadculas']	0.289420762038	0.252908482731
#308668	['#308359' 'marino' 'costero' '#34132' 'oc\xc3\xa9ano']	0.244292073532	0.305325342448
sexist	['#103838' 'sexismo' 'estereotipar' '#93625' '#51779']	0.406932863824	0.330751269763
#68831	['#12662' 'comprobaci\xc3\xb3n' '#26250' 'verificar' '#116606']	0.529102805075	0.437237578235
acrylonitrile	['copol\xc3\xadmero' '#234263' 'termopl\xc3\xa1stico' '#28918' 'cloroformo']	0.175589132672	0.13749144086
#160374	['#2878' 'transistor' 'adaptador' 'bobina' 'cargador de bater\xc3\xadas']	0.15641747421	0.166032083994
herbivorous	['#21523' 'cangrejo' 'herb\xc3\xadvoro' 'pisc\xc3\xadvoro' '#34194']	0.167847679345	0.16914783446
#89194	['#61126' 'reverso' 'ininteligible' '#71249' '#311105']	0.213133553941	0.280445965969
planted	['#18245' '#86332' 'frutal' '#89715' 'barbecho']	0.758980829737	0.252066035697
unilaterally	['unilateralmente' '#206885' '#26382' '#251654' 'desistir']	0.30671071087	0.394190448845
#85038	['#28342' '#28339' 'visar' '#67774' '#60158']	0.472989830015	0.490538870557
uncontested	['#205711' '#2778' '#5448' '#136348' 'aserto']	0.493824885092	0.436655406869
#27530	['asignatura' '#36363' '#208625' '#9415' '#74157']	0.813493367449	0.425444792162
#76340	['falaz' '#54126' '#20523' 'ama\xc3\xb1ado' '#36946']	0.308883716324	0.309176578055
#98677	['motor el\xc3\xa9ctrico' '#239014' 'intercambiador de calor' 'colector'
 '#200271']	0.275617003703	0.25424984223
#186952	['embarque' 'arribo' '#253907' '#45082' '#226378']	0.496069045278	0.373832892327
#29785	['recitar' '#57624' '#45805' '#88497' 'poeta']	0.395897288296	0.307935976505
have sex	['#3528' 'p\xc3\xbaber' '#43930' '#92895' 'lujuria']	0.48436938336	0.317314520704
theft	['#6751' 'extorsi\xc3\xb3n' '#52811' 'saqueo' '#33589']	0.637580104769	0.311954347553
bisexual person	['#3528' '#273195' 'homosexualidad' 'lesbiana' '#120090']	0.454210188915	0.390696132412
endless	['#21867' 'fratricida' 'feroz' '#61438' '#22615']	0.785559001926	0.350605770166
reveal	['#38254' 'indicio' 'descubrir' '#90069' '#61']	0.462071116556	0.453081117192
seminarian	['#28956' 'seminarista' '#110128' 'reverendo' 'te\xc3\xb3logo']	0.263275687959	0.259116442547
#45815	['#109772' 'hacendado' 'finca' '#126584' 'comunero']	0.234873590303	0.297427884952
#305229	['#248134' 'acci\xc3\xb3n civil' '#229348'
 'indemnizaci\xc3\xb3n por da\xc3\xb1os y perjuicios' 'acci\xc3\xb3n penal']	0.332960448973	0.339138054899
tanker	['#120383' 'buque de transporte' '#26498' '#78608' 'cami\xc3\xb3n cisterna']	0.415277227524	0.338051826789
#169696	['dilatorio' '#42356' 'intransigencia' '#45412' '#64038']	0.295077908328	0.327434972097
#85103	['par\xc3\xa1metro' '#6042' 'determinante' '#37509' '#34901']	0.494206158025	0.491565745175
#33842	['hiperinflaci\xc3\xb3n' '#29600' '#246113' 'desmoronamiento' '#235474']	0.43748771366	0.384320225002
irradiation	['#222219' 'irradiaci\xc3\xb3n' 'reacci\xc3\xb3n qu\xc3\xadmica'
 'biorreactor' 'radiois\xc3\xb3topo']	0.20420521843	0.248783517633
naturalness	['#115900' '#115902' '#50691' '#50694' '#21870']	0.550513986153	0.298295327829
#4	['#24964' 'celda' 'c\xc3\xa9lula' 'temperatura' '#199964']	0.474256064877	0.396278121437
oceanic	['#627' '#118053' 'estuario' '#10644' 'cordillera']	0.383187641088	0.329779566643
ostensible	['obsesi\xc3\xb3n' '#57344' '#36946' '#3806' '#43490']	0.66328420958	0.314558791456
#85407	['#208351' 'parque nacional' '#249' 'selva tropical' '#50691']	0.668462453188	0.310622481778
#29627	['editar' '#44482' 'documental' 'editorial' 'compendio']	0.489439673293	0.447900514055
#120867	['sudeste' '#121868' '#219821' '#73879' '#34696']	0.490909158646	0.415137736257
limelight	['#25996' 'ocaso' '#1044' '#31833' 'obsesi\xc3\xb3n']	1.26400393253	0.275205684953
#201997	['lava' '#23224' '#70006' 'escurrir' '#21523']	0.614308319576	0.259181417863
#4744	['#219065' '#231269' '#93587' '#116703' '#93623']	0.788859701676	0.458797255969
denomination	['#31372' '#34780' 'profesar' '#31373' '#61036']	0.448026938404	0.306455755911
#192859	['aplaudir' '#104491' '#1014' 'congratular' '#61821']	0.489810853922	0.391776876791
#305073	['#311190' '#86376' '#217' 'futbolista' 'medalla de plata']	0.207846950588	0.225585804059
butane	['keroseno' '#1369' 'fuel oil' '#18778' '#275020']	0.204309252127	0.183291759181
shaman	['#26123' 'cham\xc3\xa1n' '#58871' '#36288' '#108667']	0.214746893315	0.232785148575
#14379	['#23555' '#82118' 'juego de mesa' '#205008' '#201399']	0.414717666542	0.231806275653
comb	['#25988' 'cuchilla' 'pantalones' '#22944' '#17145']	0.306221085716	0.231513623019
reaction	['#94574' '#94581' '#111066' 'alarmista' '#111113']	0.697917615375	0.407416570381
#221500	['#123585' '#123515' 'ultranacionalista' '#121942' 'ultraderecha']	0.19757876238	0.225217211827
circumstantially	['miseria' 'remediable' 'desanimado' 'pa\xc3\xads subdesarrollado'
 'significante']	0.700010902956	0.471193912136
hand grenade	['granada de mano' '#66246' 'lanzagranadas' '#122756' '#8458']	0.200727255753	0.214243474022
#151659	['#44645' 'ego\xc3\xadsmo' 'racionalidad' '#89720' '#60613']	0.346850585081	0.31351543284
eggplant	['#4176' 'calabaza' '#24813' 'aguacate' 'girasol']	0.172339652992	0.130489148828
#141372	['#107289' '#1369' '#200271' 'c\xc3\xa1mara de combusti\xc3\xb3n'
 'perclorato']	0.45814164057	0.171141607231
#13752	['#77974' 'penetrante' '#111353' 'resplandor' 'remolino']	0.415361814768	0.303420442322
#149096	['nacionalismo' '#77614' '#77613' '#77615' 'fundamentalismo']	0.284511199963	0.265983013776
#131626	['embestir' '#113956' 'ca\xc3\xb1onear' 'coloso' 'tuba']	0.394881914146	0.280081296342
#226082	['contaminador' '#32244' '#53502' '#249748' '#241109']	0.515474947452	0.390515262862
psychological science	['#91800' '#8505' 'sociolog\xc3\xada' '#91801' 'antropolog\xc3\xada']	0.341739104962	0.300818656769
water quality	['#231844' 'contaminaci\xc3\xb3n del agua' '#313896' 'salinidad' '#234133']	0.349925094429	0.315578181893
building worker	['#206983' '#102392' 'obrero de la construcci\xc3\xb3n' 'peluquero'
 'sastre']	0.28953344175	0.289378386299
geological	['geol\xc3\xb3gico' 'n\xc3\xb3dulo' 'geof\xc3\xadsico' '#79177' '#23944']	0.19757035677	0.304074571363
#193805	['edicto' '#60004' '#91718' '#28955' 'pr\xc3\xa9dica']	0.447691238681	0.382829084461
#85717	['aguas negras' '#198991' '#15680' '#208675' '#101643']	0.265839928614	0.266912777136
burial ground	['#220434' 'castillo' '#73204' '#202995' 'sitio arqueol\xc3\xb3gico']	0.374013727861	0.251080864156
reindeer	['#97295' 'reno' '#54833' '#30' 'ganado']	0.310364360377	0.323373225296
income tax	['impuesto sobre la renta' '#234282' '#97320' 'fondo de pensiones'
 '#246005']	0.247631481521	0.332354281165
#24745	['eruptivo' 'remolino' '#108976' '#102642' '#70006']	0.486303605992	0.308735271426
#82665	['#77028' '#3020' 'instituci\xc3\xb3n financiera' 'acuerdo internacional'
 '#251545']	0.383037467941	0.472779670125
concerning	['a prop\xc3\xb3sito de' '#135007' 'reivindicaci\xc3\xb3n' '#96634'
 '#220262']	0.412070329599	0.4643938958
cleave	['#18091' '#77974' '#57624' 'lobo' '#1044']	0.416706749336	0.254540830803
#39223	['#91592' 'rep\xc3\xbablica aut\xc3\xb3noma'
 'regi\xc3\xb3n aut\xc3\xb3noma' '#106120' '#45500']	0.438627594755	0.435650121598
merchant vessels	['carguero' 'barco de pesca' '#120383' '#77922' '#112304']	0.403658333322	0.244928986947
#477	['#25728' '#50561' 'retorcer' 'garrote' '#71012']	0.244477212672	0.195289186957
captivity	['#203940' 'prisionero de guerra' 'arrestar' 'secuestrar' '#90708']	0.98168463767	0.382805851819
#80800	['copol\xc3\xadmero' '#234263' '#1369' 'polipropileno'
 'termopl\xc3\xa1stico']	0.267877665497	0.221382165971
#11911	['#56665' 'granadero' 'sable' '#117504' '#21523']	0.180933062007	0.172101033706
#14405	['#141' '#25291' 'hospital' 'cl\xc3\xadnica' '#139']	0.519853183754	0.444147508614
#45265	['ge\xc3\xb3logo' '#55819' 'geolog\xc3\xada' 'ec\xc3\xb3logo' '#55692']	0.185538118844	0.239305554255
horseshoe	['#112589' 'apagado' 'delantero' 'enrejado' 'ca\xc3\xb1o']	0.301270976338	0.257016554674
#45916	['verso' 'locuci\xc3\xb3n' '#3378' 'misiva' '#73472']	0.468645254985	0.412685449533
#91724	['previsible' '#61624' 'inminente' '#89884' 'imprevisto']	0.485853506288	0.478285067824
#94641	['#121295' 'avaricia' '#61554' '#12884' '#64356']	0.38863520026	0.342599001934
#153074	['devoluci\xc3\xb3n del dinero' 'concesionario de autom\xc3\xb3viles'
 '#201252' 'tocino' 'misiva']	0.569900787743	0.383184076111
#124196	['#51924' 'asalariado' '#201311' '#47964' 'trabajador del estado']	0.569730548875	0.416372351875
#75813	['resignar' 'traicionar' 'ilusi\xc3\xb3n' '#205275' 'para siempre']	0.524395768079	0.481059313647
layoff	['#251912' 'paro forzoso' '#41155' '#207762' '#221030']	0.4503163218	0.363821809555
unearned	['irrisorio' '#121807' 'especulador' '#64456' '#3806']	0.436798034032	0.369581506359
bring about	['inevitable' '#31862' '#52815' 'exacerbar' '#40270']	0.531553055149	0.430818034073
#62945	['#201632' '#22458' 'carbono' '#120929' 'biomasa']	0.352686209854	0.355622102289
#62941	['#18188' '#28925' 'clorurar' 'bromo' 'hal\xc3\xb3geno']	0.221206431856	0.237076382891
rib	['#50561' '#59526' 'rodilla' '#7597' 'antebrazo']	0.174019972385	0.146427631566
fame	['gloria' 'maravilloso' 'admirar' '#61361' '#57624']	0.514914599093	0.282341448433
cremation	['cremaci\xc3\xb3n' 'enterramiento' 'quemado' '#34531' '#1268']	0.299779928822	0.312492028511
#83949	['#3336' 'motivaci\xc3\xb3n' '#30739' '#103572' '#61534']	0.510743253481	0.47906015614
#4445	['#3090' 'monto' '#231613' '#31958' 'cuant\xc3\xada']	0.546604987281	0.522464493273
#98012	['#85920' '#29911' '#74209' '#78767' '#26793']	0.420012622095	0.451795173392
#30626	['#200641' '#45100' 'embargo' '#16642' '#30739']	0.369021741793	0.380251442139
#95412	['#217818' '#60270' 'placa de circuitos' 'alto horno' 'material de desecho']	0.326885243694	0.293903651053
#47010	['balsa' '#22944' '#17239' 'camionero' 'coyote']	0.384294938378	0.325635220062
#84563	['anhelar' 'maravilloso' 'renacer' '#7609' '#314844']	0.435874610904	0.367599892216
#1243	['crucero' '#34887' '#34895' '#55684' '#112123']	0.286538737042	0.333328807267
sterilized	['#51799' '#119669' 'pastilla' 'esterilizar' '#136878']	0.430985067586	0.375689410288
mountain chain	['#32496' 'circundar' '#308848' '#69701' 'macizo']	0.269487545268	0.239459410961
reporting	['#8159' '#232866' '#133318' '#61188' 'c\xc3\xb3digo objeto']	0.617188165596	0.420680661278
sauna	['sauna' '#52398' '#102470' 'masaje' 'sal\xc3\xb3n de belleza']	0.154843744596	0.187145204528
colouring	['#31456' '#25735' 'perfume' 'l\xc3\xa1tex' '#25736']	0.879435511645	0.215435381121
#149259	['#4361' 'picadura' '#64990' '#51799' '#64288']	0.298135138181	0.241230513336
earmark	['#106310' '#39842' '#106309' '#67060' '#135578']	0.726987103709	0.493746270607
center	['#16417' '#47278' 'cig\xc3\xbce\xc3\xb1a' '#88562' 'policl\xc3\xadnica']	0.796209718917	0.408041275336
magnetics	['fotom\xc3\xa9trico' 'magnetismo' 'interferometr\xc3\xada'
 'interfer\xc3\xb3metro' '#55715']	0.214379858381	0.216479277135
#135467	['totalitarismo' 'obsesi\xc3\xb3n' 'desasosiego' 'anacronismo' '#12772']	0.445974857804	0.392595166315
#317462	['#203909' 'patria potestad' '#32871' '#72454' 'matrimonial']	0.183705360165	0.282523326574
#1019	['#38788' '#3' '#134005' 'pieza de repuesto' 'limpieza']	0.578392376774	0.445697764605
#68009	['armaz\xc3\xb3n' '#76874' 'delantero' '#34761' 'tornillo']	1.06236959878	0.269028077561
#93789	['arancel' '#82425' 'coeficiente' '#12554' 'media']	0.580832218012	0.521792470108
#43807	['#84340' 'pediatra' 'm\xc3\xa9dico de familia' '#203451'
 'ginec\xc3\xb3logo']	0.201965126546	0.233265907175
bananas	['#14305' 'nuez' '#29236' '#79058' '#19800']	0.848800889228	0.221633836111
#48094	['encinta' '#45072' 'echar a la calle' '#11792' 'sirviente']	0.461893397227	0.434202467057
#9658	['paloma' 'sable' '#7434' 'halc\xc3\xb3n' '#57624']	0.250101829777	0.202823808157
#200257	['abarrotar' '#20921' 'andar' '#112589' '#91963']	0.481177377154	0.365152266889
#73770	['sincero' '#9107' '#41949' '#126330' 'credibilidad']	0.566152268689	0.53968593122
antichristian	['integrista' 'anarquista' '#123515' '#121942' '#27388']	0.260880984879	0.251736080659
miniscule	['min\xc3\xbasculo' '#24284' 'migaja' '#77974' 'arruinado']	0.353344145254	0.377409191373
sport facility	['instalaci\xc3\xb3n deportiva' '#199156' '#124216' '#55872' 'gimnasio']	0.20740662729	0.260377262116
#78666	['#36192' '#62' '#203330' 'asunto personal' 'curador']	0.368791458579	0.374168009106
#178134	['#105101' 'sociol\xc3\xb3gico' '#133197' 'sexualidad'
 'fen\xc3\xb3meno social']	0.551676354266	0.488178322461
ease	['facilidad' '#53806' 'exacerbar' '#310615' '#2874']	0.446214574928	0.461148264112
mobile phone operator	['#209056' 'televisi\xc3\xb3n por cable' '#200215' '#25265' '#308727']	0.34415801653	0.321178925461
#215118	['ense\xc3\xb1anza superior' '#255073' '#13728' '#202601'
 'escuela secundaria']	0.34226485345	0.330024805801
shout	['#26801' '#1389' '#47093' '#28559' '#71624']	0.256287550161	0.234210011617
decompression	['maxilofacial' 'cadera' 'm\xc3\xa9dula espinal' '#72523'
 'enfermedad neurol\xc3\xb3gica']	0.463829893266	0.321728378894
exhibition	['festival' '#126513' 'teatro' '#11128' 'art\xc3\xadstico']	0.688040348663	0.317961007951
#46121	['#120826' 'vendedor' '#6168' 'intermediario' '#40920']	0.335392155287	0.379267290529
transformation	['transformaci\xc3\xb3n' 'liberalizaci\xc3\xb3n' 'globalizaci\xc3\xb3n'
 '#221774' '#63154']	0.320678617464	0.40441367368
oral exam	['#309643' '#239707' 'examen oral' '#246407' '#308883']	0.392470965799	0.382628030768
hunt down	['pelear' 'decapitar' 'verdugo' '#15199' '#26801']	0.486633283538	0.248349436153
punctual	['#104491' 'sincerar' 'paciencia' 'arduo' '#128273']	0.620247963275	0.503126130497
archeological	['sitio arqueol\xc3\xb3gico' 'lugar hist\xc3\xb3rico' '#235202' '#208810'
 '#76031']	0.297725853951	0.22701896452
observation post	['#236996' '#310615' '#83748' 'tropas' 'base de operaciones']	0.989721855022	0.365435686087
#67837	['#139162' 'retorcer' '#33799' '#5864' '#48036']	0.329302086873	0.272337366286
five	['cinco' '#216454' 'nueve' '#218117' 'siete']	0.445207648469	0.464020497686
#1834	['#111404' 'torneo' 'ajedrez' '#4696' '#21111']	0.399594762617	0.222291238794
immediately	['arrepentir' '#3378' '#102423' '#10709' 'echar a la calle']	0.48408074469	0.433132656861
antiseptic	['antis\xc3\xa9ptico' 'champ\xc3\xba' '#26106' '#97478' 'antiinflamatorio']	0.159133626666	0.178006665552
rear	['#101707' '#81790' '#47611' 'prender' '#48326']	0.744796522558	0.340828220824
#33610	['descarrilamiento' '#21867' '#39343' 'feroz' '#10501']	0.2940815938	0.289438421965
gatehouse	['#7774' '#246478' 'hormig\xc3\xb3n armado' '#313129' 'montacargas']	0.487951782402	0.266581395705
supernumerary	['#223116' 'deshonestidad' 'recorte de personal' 'detector de mentiras'
 'incapacitaci\xc3\xb3n']	0.628446320126	0.419947131528
multicultural	['#77022' '#217700' 'intercultural' '#252064' '#88308']	0.581440784081	0.333605259566
securities	['instrumento financiero' 'banco comercial' '#247613' '#246191' '#254530']	0.31016092141	0.34150757704
#64336	['#70006' 'lava' '#55715' '#50857' '#234217']	0.149543906224	0.189240028613
#30559	['#78850' 'noticia' 'comunicado de prensa' '#328' '#109085']	0.588191629421	0.367262460706
adversity	['adversidad' '#3368' '#40086' '#3369' 'entereza']	0.259782156175	0.315504717276
#95911	['#8769' '#204133' '#11651' '#23143' 'cargador de bater\xc3\xadas']	0.665792339611	0.211014155672
delegation	['#90302' '#18984' 'agradecer' '#37971' '#90303']	0.681445168055	0.555252618195
#58527	['secador' '#239014' '#220466' 'deshumidificaci\xc3\xb3n'
 'motor el\xc3\xa9ctrico']	0.400727934344	0.310747638333
#78201	['pl\xc3\xa1stico' '#124197' '#2' '#74059' 'ropa']	0.515750541563	0.353577810548
character reference	['#20387' '#42497' '#127640' 'cualificaci\xc3\xb3n' '#309643']	1.1267960169	0.47447660502
computer screen	['#82118' '#201399' 'disco duro' 'teclado' '#82116']	0.430459670072	0.255278570102
tadpole	['#273794' '#236032' '#135669' 'vis\xc3\xb3n' '#21523']	0.21556229872	0.170338446852
outgo	['#65595' 'quintal' 'cuenco' '#7774' '#22649']	0.629773340914	0.367220028812
#124497	['competici\xc3\xb3n' 'obra de arte' 'celar' '#4259' 'cer\xc3\xa1mica']	0.739117043624	0.546297716699
#18321	['#216428' '#25736' '#25735' '#25734' 'cer\xc3\xa1mico']	0.661710209372	0.195400359218
intravenous	['#254323' '#256074' '#43930' 'intravenoso' 'inyecci\xc3\xb3n intravenosa']	0.272512536629	0.268623653271
run	['construir' '#223' '#50235' '#49914' '#25291']	0.530495833564	0.49599798607
#59348	['#220687' '#216524' '#218118' '#216459' '#218105']	0.368986441564	0.377646150868
judgement by default	['#202239' '#232865' '#91237' 'sentencia absolutoria' '#63169']	0.367959400388	0.326562449334
#93582	['#13943' '#13716' 'observado' '#30900' '#118471']	0.821298628641	0.416857251478
host	['anfitri\xc3\xb3n' '#103219' '#118200' '#56136' '#2233']	0.459569850789	0.53532297193
uncivilized	['#121942' '#5934' '#120217' '#110306' 'infiel']	0.237610344881	0.232081481859
television show	['programa radial' 'programa de entrevistas' '#265' '#209265' '#28199']	0.279039573345	0.227963953804
city hall	['#8240' 'catedral' 'abad\xc3\xada' 'palacio' '#202995']	0.435793112089	0.303196852537
#316429	['#29335' '#255566' '#310058' '#65613' '#36424']	0.319169404575	0.328176700044
dictated	['#69418' '#127815' 'autoritario' 'contraproducente' '#73663']	0.771627806847	0.500530187303
firing	['#11084' '#70124' '#29440' '#247532' 'arma pesada']	0.510859268992	0.348301594595
foil	['#124831' '#11369' '#6367' '#35516' 'sanguinario']	0.78133770255	0.308254080415
#88034	['lesbiana' 'bisexual' '#17082' '#16404' '#273196']	0.465361098944	0.452906628048
mental deficiency	['retraso mental' 'deficiencia mental' '#79959' '#106188' '#253935']	0.209212892092	0.218620539195
cooperative society	['#306971' '#233023' 'cooperativa de ahorro y cr\xc3\xa9dito' '#201901'
 '#310066']	0.46010195867	0.329676760981
#45424	['l\xc3\xadnea dura' '#203100' '#63616' '#10501' '#217594']	0.262006740923	0.261145371787
#85414	['#41752' 'determinable' 'deducible' 'calculable' '#221831']	0.375451585854	0.394651094244
sept	['#105796' 'pueblo natal' 'catedral' '#29553' '#113956']	1.13632417987	0.32115240425
#190337	['#231671' 'uni\xc3\xb3n aduanera' '#18833' '#204441' '#52650']	0.491225830141	0.419986259196
deafness	['#5666' 'epilepsia' 'par\xc3\xa1lisis cerebral' '#248124' 'sordera']	0.232314992581	0.216161902153
#177650	['#72249' '#24523' '#135536' '#70154' 'vi\xc3\xb1edo']	0.316583205869	0.295187898719
social service	['#253881' 'servicio social' '#246929' 'asistencia social' '#246928']	0.333312447114	0.354297325741
stabilisation	['#10917' '#103132' '#14305' 'dique' '#52617']	0.592308175365	0.449047327679
#192246	['#78858' 'bolet\xc3\xadn de noticias' '#16402' 'quincenal' 'bimestral']	0.444832259847	0.307829652776
renewal	['#36067' 'simplificaci\xc3\xb3n' '#91094' '#7388' '#39188']	0.571059761857	0.506543738979
#116039	['totalitarismo' '#77614' '#14080' '#4656' 'chauvinismo']	0.260835136454	0.259564177005
preferment	['#238742' 'nulidad' '#310656' '#247643' '#8565']	0.75538752517	0.428404558741
#29033	['#32198' '#32195' '#31314' 'cuartel general' '#202275']	0.637019105707	0.49465715013
galvanize	['galvanizar' '#54687' '#3651' 'antinuclear' 'simbolizar']	0.384840126827	0.413583228067
dynamite	['dinamita' '#42431' '#22944' 'granado' 'lanzallamas']	0.192095041066	0.227457950762
artificial intelligence	['#74398' 'biosensor' 'inteligencia artificial' 'fotom\xc3\xa9trico'
 '#231726']	0.252020335968	0.25380884537
#174400	['#81290' 'salinidad' '#117456' 'ciclo biogeoqu\xc3\xadmico' 'paisaje']	0.515589477793	0.439917910986
#159174	['traicionar' '#65968' '#1044' '#121333' 'llorar']	0.454060694479	0.352901634605
#144597	['pasant\xc3\xada' 'aspirante' 'cualificaci\xc3\xb3n' '#42497' 'diploma']	0.511503498979	0.375799408726
#27708	['#114466' '#112823' '#254738' 'regresi\xc3\xb3n lineal'
 'variable dependiente']	0.444049230703	0.461785175048
#143388	['#113757' '#25217' '#59741' '#80293' 'optimismo']	0.753878360871	0.427127763647
#97755	['#58594' '#122683' '#65215' '#74245' '#119451']	0.327174248155	0.345150523482
prawn	['#54764' 'gamba' '#21523' '#102313' 'filete']	0.82315918955	0.196357158505
#33126	['#30425' '#42700' '#104491' '#91233' 'culpabilidad']	0.549318568912	0.464039186891
#43163	['#12651' 'australiano' '#26956' '#122459' '#91918']	0.460752857672	0.451454993649
injection	['inyecci\xc3\xb3n' '#64288' '#64287' '#199776' '#221031']	0.271166736919	0.320931665636
#159672	['#1102' '#5934' '#11168' '#12409' '#251390']	0.356826619253	0.334241874058
#182495	['#80425' '#60353' '#31456' '#59399' 'perfume']	0.209711800236	0.21775685803
#306234	['#233112' '#93645' 'radiactivo' 'material radiactivo' '#232712']	0.335804110898	0.305354501191
church building	['convento' '#32784' '#61039' '#43317' '#8240']	0.57425437985	0.249897718318
#192693	['generosamente' '#205950' '#104491' '#6621' '#91161']	0.364349928933	0.405867948868
wholesale	['minorista' '#41711' 'mayorista' 'supermercado' '#252124']	0.386483974176	0.323178714692
spleen	['edema' '#44475' '#63990' '#77768' '#310687']	0.150753970828	0.144880953055
jackhammer	['#111419' 'hormig\xc3\xb3n armado' '#7774' '#246478' 'delantero']	0.257646804293	0.209744805598
fried	['filete' '#72189' '#4590' '#23422' 'salado']	0.259765637605	0.185122184735
propaganda	['#93625' '#8447' 'ultranacionalista' '#77616' 'nacionalista']	0.560212159261	0.309663542493
#36966	['lino' '#58122' '#22944' '#26713' 'jugo']	0.233891739074	0.235795201519
#37509	['#50738' '#123' 'bailar\xc3\xadn' '#91877' '#183']	0.299022977346	0.321180038231
#186606	['#113305' 'tritio' 'fisi\xc3\xb3n' '#123781'
 'reacci\xc3\xb3n qu\xc3\xadmica']	0.193206047693	0.208076592821
#72468	['#102816' 'embestir' 'bandido' 'tripulante' '#9447']	0.229453118268	0.325035630629
#79160	['#2986' 'olla' '#1356' '#209' '#115969']	0.569858041766	0.235495544793
#85687	['preponderante' '#88308' 'arraigar' 'pluralismo' '#43591']	0.492616416096	0.483324409298
#117501	['#265178' 'ddt' 'sustancia qu\xc3\xadmica' '#124096' '#199163']	0.320413935709	0.348987235869
#77497	['#34116' '#128935' '#34178' '#6704' 'cuantioso']	0.425636071965	0.474978644254
father-in-law	['#36582' 'cu\xc3\xb1ado' 'suegro' '#106437' '#59374']	0.230614584466	0.216435561288
ameliorate	['empeorar' 'hacinamiento' 'paliar' '#50379' 'efecto negativo']	0.770212334605	0.518179345281
#44447	['#38517' '#123515' '#72058' 'populista' 'derechista']	0.226503480202	0.241928015592
#46535	['#123515' '#77616' '#121942' 'nacionalista' 'antifascista']	0.297024022469	0.30750470986
biochemistry	['#63127' 'inmunolog\xc3\xada' '#74360' 'bioqu\xc3\xadmica'
 'microbiolog\xc3\xada']	0.168201999378	0.159282207056
diplomatic note	['nota diplom\xc3\xa1tica' '#78808' 'misiva' '#109033' 'telegrama']	0.292324567773	0.352023233111
#45829	['derviche' '#83679' 'iglesia cristiana' '#18425' '#91479']	0.300539427101	0.247347469577
#87374	['subempleado' 'desocupado' '#251327' 'empleo precario' '#221028']	0.318927119448	0.291059347209
vanquished	['#10501' 'sanguinario' '#22942' '#42122' 'd\xc3\xa9spota']	0.708186824383	0.289584054972
#87377	['#119007' '#56' '\xc3\xbatil' 'innovador' '#104531']	0.562089043161	0.549953826422
papers	['#202333' 'falsificaci\xc3\xb3n' '#83257' '#32508' 'pasaporte']	0.5290511478	0.416294561277
acidification	['#231384' 'acidificaci\xc3\xb3n' '#229305' '#34132' 'costero']	0.241574210778	0.305741973821
#39688	['edificio de apartamentos' '#33511' 'gasolinera' 'edificio residencial'
 '#201160']	0.649653366778	0.326138554643
#81699	['incesto' '#34665' '#52424' 'brujer\xc3\xada' '#267458']	0.841821697293	0.369740061254
switch off	['#201399' '#199954' 'resplandor' 'sonar' '#41415']	0.346920670585	0.308006093368
#85051	['#113128' '#74763' 'bienal' '#73643' '#42203']	0.595062846976	0.558625719981
genealogical	['#55535' 'geneal\xc3\xb3gico' 'pagano' '#135724' 'mitol\xc3\xb3gico']	0.272940487683	0.291184030364
#87080	['inolvidable' 'maravilloso' 'gloria' '#9180' 'imborrable']	0.672611266303	0.260122836774
#166725	['#82548' '#106377' 'paralizado' 'obsesi\xc3\xb3n' '#135902']	0.27669319053	0.294314558442
ghost	['#29173' 'pelear' 'oscuridad' 'revolver' '#18096']	0.34397079527	0.282864671227
#15398	['diagrama' '#127624' '#308097' '#57147' '#199720']	0.561647732345	0.408493294957
#90901	['garrote' 'agarrar' '#83552' '#34340' 'encapuchado']	0.349665828051	0.220043255128
#32529	['#57624' '#100263' '#22904' '#21737' '#136598']	0.279983353297	0.286515173356
exigent	['desahogar' 'desahogo' '#108857' '#39196' 'inconducente']	0.425186476863	0.366744772369
heath	['cuidados m\xc3\xa9dicos' '#7108' '#28964' 'higi\xc3\xa9nico' '#235176']	0.778390095679	0.342609387198
#78966	['proyectil' '#29440' '#118847' '#10997' 'artefacto']	0.746869684138	0.465935734989
#23705	['subjetividad' '#106154' '#104441' 'relativismo' '#64086']	0.261626613285	0.285887743229
#950	['cabecilla' 'lealista' '#83759' '#19666' 'coloso']	0.607691880161	0.337874594828
#95409	['#24056' '#119011' '#119007' 'beneficioso' '#53127']	0.445541662069	0.440144333166
#147256	['golpe' '#57091' '#22272' '#3715' 'cabeza']	0.559072023245	0.482719553033
